period,period_type,category,Asphalter (road construction),Bamboo scaffolder,Bar bender and fixer,Bricklayer,Building services maintenance mechanic,Cable jointer (power),Carpenter (formwork),Concretor,Construction plant mechanic,Diver,Drainlayer,Electrical fitter (incl. electrician),Fire services mechanic,General welder,General workers and labourers,Glazier,Joiner,Leveller,Lift and escalator mechanic,Marble worker,Mason,Mechanical fitter,Metal worker,Painter and decorator,Plant & equipment operator (load shifting),Plasterer,Plumber,Refrigeration/ air-conditioning/ ventilation mechanic,Rigger/ metal formwork erector,Rock-breaking driller,Structural steel erector,Structural steel welder,Truck driver
200304,monthly,average_daily_wage_hkd,863.5,1145.2,1325.1,957,950,640.5,1268.8,1080.4,877.9,2018.4,963.1,804.7,793.5,848.6,603,897.1,1027.3,766.1,855,1040.1,867.7,746.9,889.8,882.4,806.1,963,975.2,670.9,994,886.8,958.3,868.2,655.1
200305,monthly,average_daily_wage_hkd,858.8,1161.9,1309.2,968.8,700,774.2,1249,1076,846.5,1591.4,946.5,808.9,800.7,848.2,601.1,875.5,1020.6,775.1,841,1091.3,900.7,792.8,885.5,898.8,807.6,968.9,980.9,690.6,992.6,864.9,989.4,885,649.2
200306,monthly,average_daily_wage_hkd,876.6,1164.6,1297.4,971.9,987.2,575,1254,1072.4,859.8,1725.2,955.6,794.6,797.6,848.9,601.1,895.5,1059.2,771,769.1,1132.7,903.7,764.2,890.4,907.7,809.2,976.1,986.8,675.9,980.7,889.8,1063.1,879.7,653.1
200307,monthly,average_daily_wage_hkd,773.9,1181.7,1296.1,961.1,901.4,708.3,1258.1,1093.4,861.7,1673.6,959.8,782.6,797.4,850.6,600.5,878.1,1147.5,763.1,759,1085.2,937.3,759.5,892.8,911.4,803,983.6,996.4,646.5,986.1,889.7,1015.1,906.4,647.9
200308,monthly,average_daily_wage_hkd,741.2,1154.2,1276.4,949.7,840,1017.8,1227.1,1078.2,848.2,1680.5,937.5,775,792.9,847.5,598.9,889.4,1122.4,758.6,793.2,1003.7,877.1,767.9,886.4,905.5,797.9,976.2,977.6,645.6,996,891.1,1018.6,915.8,645.9
200309,monthly,average_daily_wage_hkd,707.6,1138.7,1265.4,969.2,730,600,1206.8,1060.1,832,1704.6,938.8,779.1,796,846.6,592.8,866.4,1074,745.4,902.7,1027.9,876.2,767.5,875.8,907.5,791.9,982.6,983.2,642.4,956.3,865,1034.5,888.8,645.6
200310,monthly,average_daily_wage_hkd,752.4,1163.3,1253.5,950.4,772,637.3,1187.9,1049.7,825.9,1643,930.9,762.9,794.6,844.4,591.6,888.6,1089.2,744.7,895.2,1056.9,838.9,757.9,868.4,885.6,784.3,975.9,979.8,632.3,914.5,849.3,1007.5,859.8,641.2
200311,monthly,average_daily_wage_hkd,724,1161,1258.4,932.4,795.2,794.7,1188.6,1032,830.5,1556.1,919.4,754.1,780.5,826.3,587.2,883.8,1098.3,759.1,838.2,1068.3,895.7,788.4,869.5,872.2,781.2,977.7,976.8,646.7,920.2,865.1,999.5,906.9,634.8
200312,monthly,average_daily_wage_hkd,753.6,1148.1,1249.7,953.4,828.8,600,1184.8,1021.9,816.3,1522.4,933.6,758.1,776.7,820.6,589.1,879.5,1045.2,751.9,833.7,1013.6,885,793.3,863.6,894.8,781.9,981.9,967.6,646.1,901.8,868.2,1040.6,898.6,642.8
200401,monthly,average_daily_wage_hkd,788.8,1174.1,1243.8,957.1,772.6,600,1199.2,1031.3,825,1722.8,954.7,753.1,765.9,814.6,590.3,899.2,1106.7,761.9,863.5,1052.8,876.4,750,860,901.3,783.3,973.8,981.3,635.4,847.5,854.7,1075.9,927.5,634.2
200402,monthly,average_daily_wage_hkd,744.6,1147.1,1248.6,948.9,740.6,627.5,1201.3,1029.7,819.1,1582.9,970.7,759.8,764.7,801.3,590,888.4,1131.1,759.5,813.1,1023.2,831.9,765.3,863.5,901.6,779.7,958.4,965.9,655.8,849.6,868.3,1025.6,949.1,625.5
200403,monthly,average_daily_wage_hkd,792.6,1126.3,1245.1,915.5,728.1,642.4,1199.3,1027.7,820.4,1447.1,952.7,756.6,754.9,799.7,590.4,906.3,1087.6,756.8,747.9,1036.8,849.1,753.7,867.6,903.4,773.2,949.7,964.8,659.9,839.3,861.9,1031.6,966.3,624.8
200404,monthly,average_daily_wage_hkd,741.2,1102.3,1236.3,895,787.8,600,1162.8,1021.5,814.9,1510.6,952.1,753.1,756.8,802.6,588.6,885.7,1012.2,764.3,751.3,1034.7,855.2,757.8,847.1,886.4,776.2,930.3,940.9,647.6,825.7,815.3,977.9,921.8,601.2
200405,monthly,average_daily_wage_hkd,677.2,1080,1219.9,893,774.2,616.2,1149.5,1017.4,809.3,1600.8,935.3,751.8,762.9,784.7,581.7,870.8,1005.4,762,747.6,994.9,839.3,744.1,845.8,872.8,776,932.8,929.2,675.3,810.4,797.9,972.6,960.5,600
200406,monthly,average_daily_wage_hkd,715.3,1077.3,1225.4,961.3,728.9,725.6,1146.9,1026.3,802.7,1596.4,927.5,763.7,762.7,790.1,584.9,843.2,1029.4,757.9,785.7,1003.2,849.9,752.5,853.1,878.4,784.4,934.9,933.8,685.1,810.4,821,966.2,939,604.6
200407,monthly,average_daily_wage_hkd,740.8,1068.1,1221.2,921.6,885.4,742.4,1148.2,1011.7,813.3,1636.2,935.4,772.2,771,785.5,582.1,896.7,1023.4,761.6,815.6,978.2,884.3,752.6,856.5,885.2,784.4,949.9,947,688.2,783.4,822.8,972.5,923.1,608.8
200408,monthly,average_daily_wage_hkd,740.8,1048.6,1220.7,837.3,893.2,648.1,1135.4,1013.1,821.5,1703.4,925,778.3,778,783.2,579.5,865.4,1022.2,755.7,834.8,1057.2,873.6,734.7,854.8,886.6,784.9,932.2,949.2,701.1,777.3,822.6,913.9,960.7,611.3
200409,monthly,average_daily_wage_hkd,697,1057.6,1210.1,853.1,859.1,642.8,1123.8,1011.9,825.6,1700.6,922.3,774.7,776.5,787.9,578.5,879.7,1058.4,756.6,881.7,1055.3,800.9,728.5,860.2,882.4,780.4,933.2,946.8,701.2,763.8,829.9,913.1,919.3,607.2
200410,monthly,average_daily_wage_hkd,668.2,1085.7,1202.7,862.9,884.7,796.2,1102.3,1018,824.9,1645.1,886.5,771.8,780,788.5,579.7,862.3,1055,756.4,836,983,845.1,721.5,855.1,871.8,777.4,921.3,945.7,689.4,750.2,816,959.9,844.1,612.5
200411,monthly,average_daily_wage_hkd,705.7,1039.4,1200.9,897,908.4,804.8,1108.3,1011.9,828.7,1629.1,876.7,767.7,775.1,801.5,581.3,878.2,1060.3,768.1,830.4,999.4,845.2,728.5,846.4,865,776.4,911.2,944.2,694.2,765.5,832.9,922.3,878.6,613.5
200412,monthly,average_daily_wage_hkd,706.4,1072.1,1195.4,872.7,891.2,855.4,1097.2,1006.2,825.8,1560.7,887.2,765.8,781.6,803.9,576.9,847,1082.8,759.3,789.2,956.1,818.1,722.5,852.6,866.5,776.8,904.6,936.7,698.5,761.1,866.8,902.6,888.2,604.6
200501,monthly,average_daily_wage_hkd,721,1068.3,1191,858.1,866.5,698,1094.9,993.7,823.9,1611.4,881.2,760.8,779.8,806.1,575.8,834.3,1065.1,756.1,741.5,962,820.2,713.8,850.5,859.2,777.5,912.1,928.7,700.1,758,863,904,891.2,602.3
200502,monthly,average_daily_wage_hkd,743.4,1068.5,1197,867.8,827.6,664.9,1102.5,990.1,832.7,1674.3,875.5,738.7,769.1,818.6,570.2,843.6,1050.8,761.9,756.7,978.8,866.7,714.1,847.3,842.7,785.3,913.9,905.3,674.1,774.3,817.4,933.1,926.9,606.5
200503,monthly,average_daily_wage_hkd,753.8,1047.9,1188.3,896.6,854.6,737.5,1073.4,974.6,809.1,1666.3,874.1,762.8,760,806.4,568.8,839.8,1043.6,730.3,780.8,1009.7,867.2,709.7,843.3,844.4,770.4,896.6,902.2,695.6,759.1,854.8,885.9,893.8,594.2
200504,monthly,average_daily_wage_hkd,723,1100,1183.8,893.2,819.3,607.1,1078.9,956.6,813.9,1654.6,888.3,754.8,782.7,804.5,573,855.5,1042.2,724.7,795.3,1072.7,872.2,710.1,841.3,843.6,763.6,905.1,910.2,707.4,746.9,839,892.7,889.5,596.9
200505,monthly,average_daily_wage_hkd,765.5,1093.7,1163.8,848.8,801.1,600,1077.2,947.2,811.5,1778.8,875,759.5,798.8,786,572.8,869.5,1019.7,708.4,802.3,1030,899,713,850.4,854.5,766.8,904.3,911.8,703,748.2,838.1,834.8,886.2,583
200506,monthly,average_daily_wage_hkd,783.9,1089.1,1159.6,886.3,852.9,831.3,1073.7,923.5,807.6,1687.4,874.7,742,758.2,783.7,571.7,878.2,982.1,700.3,820.8,969.2,853.2,705.1,840.9,853.6,765.6,883.3,903.3,659.3,724.1,851.2,961.8,946.2,572.5
200507,monthly,average_daily_wage_hkd,762,1051.6,1148.7,859.3,786.4,697.2,1069.9,936.5,811.3,1619.2,872.5,738.9,742,774.2,567.7,861.3,1017.8,695.6,875.7,963.6,838.5,707.7,842.9,834.9,765.5,881.3,890.6,641.1,729.8,845.5,883.6,931.1,572.3
200508,monthly,average_daily_wage_hkd,749.9,1031.5,1143.7,827.8,786.4,608.9,1052.3,929.5,780.3,1749.6,857.3,722.3,729.2,779.9,560.9,855.5,988.7,689.3,845.9,818.6,844.6,701.9,814.4,816,768.8,878.5,871.9,615.6,718.8,848.6,886,906.5,574.7
200509,monthly,average_daily_wage_hkd,769.2,1051.4,1131.8,806.4,786.4,600,1034.9,920.8,760.1,1686.8,861.7,721.1,718.1,777.5,560.5,848.6,1009,681.8,863.2,745.5,877.1,697.6,813.5,808.2,770.3,880.7,887.7,600.1,703.9,824.7,849.1,903.2,581.9
200510,monthly,average_daily_wage_hkd,771.4,1040.9,1123.1,787.3,786.4,600,1023.1,920.2,780.6,1709.5,864.1,707.4,714.2,783,562.5,871.1,1000.8,683.8,797.2,838.4,866.1,690.8,815.6,809.9,764.7,859.5,880.4,574.8,718,822.9,921.8,885.5,597.5
200511,monthly,average_daily_wage_hkd,766,1030.6,1126.9,781.8,820,612.8,1030.1,904,804.2,1654.9,874.7,721.6,717.1,764,562.4,862.2,989,679.2,782.6,950.9,852.6,658.6,816.3,798.5,765.5,858.6,866.7,583.6,741.7,829.6,891.9,907.8,604.1
200512,monthly,average_daily_wage_hkd,763.5,1025.3,1125.6,783.6,751.7,600,1042.6,902.5,800.6,1697.7,889.3,715.1,709.7,775.2,560.5,854.5,1014.1,684.8,855.1,982.6,886.8,635.2,814.7,795.3,762.2,860.4,873.1,564.6,728.1,824.8,878.8,917.7,607.3
200601,monthly,average_daily_wage_hkd,758.5,1004.8,1121.8,777.9,750,628.1,1042.1,880.3,814.8,1640.2,887.5,713.8,712.9,770.2,562.9,818,990.7,685.9,886.8,877.1,894,630.5,802.3,779.5,765.7,861.8,867.4,566.6,743.2,831.4,846.2,955.6,603.6
200602,monthly,average_daily_wage_hkd,776,1000.8,1128.5,780.9,750,600,1034.8,883.1,776.8,1564.9,877.3,716.2,727.1,780.3,561.1,742.3,949.7,681.5,945.7,951.2,902.1,615.6,788.8,758.7,767.8,839.9,826.2,560.1,752.7,830.4,864.3,959.5,611.3
200603,monthly,average_daily_wage_hkd,810.3,1025.7,1128.3,801.5,750,600,1042.5,893.2,804.3,1604.9,882.3,724.8,728.8,783.2,563.4,762.3,960.7,704.4,888.3,846.4,898.6,652.8,814.5,773.3,772.4,854.9,842.1,588.9,731.8,800.4,859.8,934.8,618.1
200604,monthly,average_daily_wage_hkd,748.4,1064.3,1144.6,799.1,750,600,1047.7,911.3,806.4,1582.3,863.7,713.5,732.7,785.2,564.8,715.4,938.8,692.9,743.5,968.6,899.5,617,799.3,767.8,771.7,858.6,822.1,611.4,753,811,864.9,922.6,625
200605,monthly,average_daily_wage_hkd,772.8,1113.8,1141.6,839.5,742.5,600,1058.4,941.5,811.3,1489.5,865.7,708.6,735,785.5,565.7,730.9,935.4,717,771.7,883.6,880.1,586,812.6,761.1,770.2,863.4,814.7,589.8,791.1,792.3,867.4,928.9,619.6
200606,monthly,average_daily_wage_hkd,756.9,1108.3,1154,840.1,743.7,600,1076.9,940.3,816.5,1543.3,861.9,715.1,737.8,786.6,565.9,770,953.9,726.7,815.7,826.1,933.6,589.1,822.3,791.2,767,890.3,836.8,595.4,777.7,781.7,884.8,920.2,613.1
200607,monthly,average_daily_wage_hkd,722,1109.9,1161.2,869.6,750,667.2,1088.2,934.3,801.3,1609,852,718.7,766,784.5,564.7,750.9,879.6,726.2,807.9,784.5,888.1,621.4,808,769.4,766.5,858.4,805,594.5,790.2,783.9,889.6,941.6,612.8
200608,monthly,average_daily_wage_hkd,719.6,1103.2,1174.7,864.8,781.2,785.1,1089.7,938.1,805.2,1556.5,840.9,730.2,783.6,779.8,564.2,712.3,896.2,728.1,735.3,754.7,873.3,636.7,795.4,771.3,769.5,855.5,784,582.9,781.6,769.8,877.9,971.5,610.8
200609,monthly,average_daily_wage_hkd,725.9,1142.9,1150,873.8,840,739.7,1070.8,940.6,789.4,1556.9,831.4,735.9,784.9,777.5,567.4,746.4,890.1,726,783.1,750.5,870.9,671.4,800.1,765.5,763.6,873.6,812.3,592.6,778.5,768.9,880.9,960.2,613.9
200610,monthly,average_daily_wage_hkd,734.4,1161.1,1135.5,864.9,750,632,1040.6,928.8,805.8,1507.2,847.1,740.3,763.7,779,572.2,817.5,912,736.7,832.7,850.4,862.2,701.6,811,770.9,763.2,901.4,843,655.2,774.9,757.8,826.6,964,615.2
200611,monthly,average_daily_wage_hkd,692,1112.3,1142.7,897,750,600,1046.7,949.5,802.4,1565.7,857.5,746.5,778,788.7,569.6,809.3,921.6,736.9,884.9,830.5,863.7,686.1,817.6,772.4,765.9,909.1,845.9,640.3,797.8,778.2,874.6,955.3,615.8
200612,monthly,average_daily_wage_hkd,702.3,1110,1137,833.4,750,600,1029.1,938,807.6,1646.6,857,749.3,803.4,812.6,568.6,811.6,956.8,743.6,886.6,802.9,858.2,689,825.9,772.1,763.8,910,848.8,647.3,788.3,779.8,834,957.5,601.1
200701,monthly,average_daily_wage_hkd,718.8,1164.7,1134.3,807.1,630.9,600,1027.6,931.8,793.2,1585.1,861.5,755.8,812,819.2,571.8,826.3,955.3,762.8,820.3,870.9,842.1,675.6,832.1,756.1,763.2,920.1,849.1,705.6,770.2,757.2,791.7,970.9,600.8
200702,monthly,average_daily_wage_hkd,736.2,1152.3,1135.1,778.1,640.6,600,1011,929.5,822.4,1549,852.8,740.3,826.3,815,573.7,859.8,1003.7,738.4,821.8,835.5,830.9,681.1,858.3,766.3,760.4,920,851.4,634.8,777.7,746.3,705.7,968.2,606.3
200703,monthly,average_daily_wage_hkd,719.6,1188.2,1131.8,798.4,652.8,600,1021.9,939,818.9,1734.4,837.4,745.5,867.1,819.5,580,836.5,1076.3,745.9,883.9,1088.9,826.3,681.5,860.2,782.6,763,928.1,854.1,674.8,787.8,770.7,868.5,944.5,616.9
200704,monthly,average_daily_wage_hkd,730.3,1151.3,1138.8,755.4,569.8,623.5,1025.5,947.3,775.5,1792.9,810.2,733.1,844.5,806.8,573.9,807.6,1006.4,733.8,764.9,1040.7,847.5,657.7,835.5,755.3,759.6,881.3,824.7,656.3,794.6,773.7,882.9,965.3,602.3
200705,monthly,average_daily_wage_hkd,794.8,1114.9,1134.6,853.4,547.7,623.5,999.1,942.8,782,1615.6,842.1,733.3,815.2,798,571.9,800.5,934.7,724,788.2,935.1,914.6,660.8,816.5,756.8,759.8,869.7,808.1,675.8,827.6,780.3,872.7,968,595.9
200706,monthly,average_daily_wage_hkd,813.9,1076.7,1142.9,841.3,537.5,600,993.1,948.2,774.3,1821.1,826.5,727.7,788.6,778.3,569.9,751.9,926.7,715.4,804.5,866.6,925.2,666,814.2,753,761.6,829.6,798.8,638.4,843.4,774.3,847.5,970.7,591.7
200707,monthly,average_daily_wage_hkd,777.8,1092.9,1143.4,807.7,526,600,993.8,929,810.1,1788,815.6,710.1,718.4,794.3,572.6,760.7,891.7,715.2,626.1,812.1,913.5,698.7,807,721.2,764.6,803.9,783,649.2,868.1,770.1,871.2,942,594.5
200708,monthly,average_daily_wage_hkd,739.2,1013.6,1092,758.9,630.7,600,943.9,927.4,800.3,1785,800.5,699.7,700.5,789.1,566.8,752.4,877.4,699.6,613.8,800,970.7,683.7,793.3,705.4,759.9,799.1,782.8,636,813.2,761.2,871.4,980.8,597.5
200709,monthly,average_daily_wage_hkd,792.2,1062.9,1073,854.2,621.8,631.8,944.5,930.3,756.7,1739.2,816,687.9,659.2,791.8,566,801.9,822.1,712.7,616.5,772.4,847,672.5,782,737.8,748.9,823.3,774.6,553,802.4,758.9,897,930.7,605.3
200710,monthly,average_daily_wage_hkd,698.3,1051,1067.2,838.8,515.2,631.8,941.4,929,716.3,1725.5,800.4,691,662.9,790.9,565.7,772,826.4,690.4,620.3,776.7,830.4,685.2,780.4,728.9,753.8,825.9,775.4,587.8,812.7,779.4,869.2,917.5,595.4
200711,monthly,average_daily_wage_hkd,724.2,1076.8,1070.7,869.4,511.7,600,948.3,927.9,728.9,1675.7,805.9,685.7,703.1,782.1,567.7,831.8,905.2,691.2,659.1,960.9,825.2,695.6,795.2,745.6,754.1,842.2,795.8,543.6,836,761,903.9,910.8,598.3
200712,monthly,average_daily_wage_hkd,712.8,1036.4,1071.4,853.4,511.2,600,951.4,915.3,705.9,1662.8,785.6,679.8,689.6,765.7,565.5,799.4,878.6,697.2,622.8,975,837.8,685.5,786.2,742.1,753.1,816.8,782.4,581.4,820.4,790.3,890.5,919.7,586.6
200801,monthly,average_daily_wage_hkd,713.4,1050.2,1077.4,853.5,511.6,600,967.9,924.3,725.3,1543,810.2,672,686.9,777.9,566.1,837.7,914,687.8,604.5,949.1,761.2,695.1,794.7,747,756.5,823.5,792.1,563.6,829,783.3,889.9,909.2,590.3
200802,monthly,average_daily_wage_hkd,705.5,1028,1072.6,826,550.5,479.3,987.9,948.4,722,1549.3,821.2,686.1,677.6,783.2,568.6,864.4,896,686.6,635.9,967.5,766.1,670.1,792.7,741.1,756.9,806.2,778.6,583.7,825.6,781.4,897.5,917.7,581.1
200803,monthly,average_daily_wage_hkd,679.2,1033.5,1067.4,816.1,626.4,479.3,986.9,932.8,724.6,1647.8,814.7,678.8,710,783.6,568.1,811.7,868,686.2,665.1,942.4,714.6,683.8,775.2,740.6,737.7,802.8,784.9,591.4,829.9,796.6,897.7,911.1,602.6
200804,monthly,average_daily_wage_hkd,706.9,1024.1,1061,812.5,644.1,479.3,988.4,923.6,735.4,1577,792,665,664,787.1,570.8,705.1,816.8,686.5,511.9,909.7,747.8,673.5,749.7,710.2,759.1,783,779.1,588.7,809.9,797.9,861.7,884.8,594.4
200805,monthly,average_daily_wage_hkd,767.7,1021.7,1055.6,814.6,672.5,479.3,984.9,931.3,762.4,1575.1,808.2,667,664.5,787,562.3,813.2,783.6,689.5,520.9,710.5,784.7,681.1,733,727.9,761,802.1,767.1,576.2,790.5,796.8,898.4,908.5,586.9
200806,monthly,average_daily_wage_hkd,680.7,1060.7,1070.6,852.9,778.3,479.3,986.7,922.6,721.4,1555,805.9,667.7,652.1,795.2,565.2,816.1,870.6,689.7,528.4,723.1,778.8,661.5,746.6,725.4,764.8,820,790.4,584.2,779.2,779.1,898.1,878,593.9
200807,monthly,average_daily_wage_hkd,651.5,1048.2,1067.9,813.5,764.8,479.3,983.4,923.5,707.4,1728.1,818.6,670,661.8,798.1,566.8,842.3,865.9,694.5,563.4,641,778.4,693.4,757.4,717,761.6,823.7,797.9,539.2,785.7,796.2,898.8,893.9,595.7
200808,monthly,average_daily_wage_hkd,675.5,1021.7,1051.3,828.3,757.1,479.3,966.2,908.6,712,1600.9,823.5,672.6,677.7,792.4,561.9,771.7,850.3,690.8,704.8,632.3,757.6,660.1,752.9,684.4,754.5,787.3,756.3,553.8,759.6,788.7,893.3,889.9,591.2
200809,monthly,average_daily_wage_hkd,678.4,1004.4,1052.5,826.3,770,479.3,978.2,923.4,706.4,1498.7,838.9,674.7,703.9,792.1,558.9,603.4,863.7,693.5,683.5,744.3,781.5,716.6,769.6,716.4,748.1,807.7,755.3,548.8,736,776,886.3,881.4,585.5
200810,monthly,average_daily_wage_hkd,691.6,907.3,1064.9,810,759.4,479.3,966.4,933.4,692.7,1670,837.6,691.9,709,788.1,564.5,751.4,918.7,705.9,774.5,686.6,830.6,717.2,813.1,747.4,748.7,849.9,795.3,515.9,742.6,777.6,887.5,891.5,586.2
200811,monthly,average_daily_wage_hkd,682,954.8,1065.4,791.3,760.5,479.3,963,919.3,725,1685.2,842.8,681.5,689.6,787.6,570.9,734.3,828.7,699.1,744.8,601.7,848.9,676.9,802.8,751.8,748,843.9,786,507.9,763.8,781.8,898.1,924.1,584.6
200812,monthly,average_daily_wage_hkd,676.6,998.4,1081,805.4,743.7,479.3,994.1,957.4,747.2,1664.8,858.3,679.8,686.4,786.7,581.7,756.2,858,719.3,811.7,626.7,735.6,691,792.5,752.3,751.9,846.6,826.1,534.2,798.4,779.8,880.7,914.8,585.6
200901,monthly,average_daily_wage_hkd,669.8,982.3,1090.4,773.8,984.3,479.3,992.2,944.2,728.5,1696.9,862,664.6,715.9,800.6,576.8,740.1,809.3,726.1,821.8,725.2,856.1,692.4,776.7,730.4,748.5,822.5,819.8,518.8,801.9,776.6,893.6,916.6,584.8
200902,monthly,average_daily_wage_hkd,652.3,1019.2,1098.3,793.6,1007.2,479.3,1001.8,938.2,748.4,1667.1,861.2,671.7,721.4,790,576.9,733.3,907.9,731.3,793.4,899.5,864.2,707,797.6,766.2,748.1,825.9,845.3,505.4,813.4,777.9,893.7,893.8,596.8
200903,monthly,average_daily_wage_hkd,654.3,1022.2,1094.2,814,769,476.8,990.9,925.3,741.7,1711.5,871.1,691.1,713.3,790.1,576.7,727.7,871.8,715.7,779.8,940.8,853.6,714.7,807.7,760.6,743.5,816.6,838,510.3,813.3,774,891.7,901.6,593.1
200904,monthly,average_daily_wage_hkd,674.4,1025.9,1070.2,855,769,900.9,993.1,915.2,747.4,1720.7,875.7,692.8,740.1,786.8,570.1,717.1,846.2,696.4,719.9,700,859.2,670.8,818.1,774.1,735.9,822.2,831.9,530.4,810.8,766.6,896.2,911.1,590.4
200905,monthly,average_daily_wage_hkd,671.8,1026.2,1081.6,861.8,733.3,1000,997.3,914.5,736.8,1731.5,870.4,687.3,732.5,777,570.4,734.8,833.9,711.4,702.1,812.5,859.1,643.9,813.2,770.6,736.5,823.1,838.7,532.8,822.1,779.5,896.3,899.8,582.6
200906,monthly,average_daily_wage_hkd,723.1,1031.4,1094.7,874.5,737,1000,998.2,916.9,743.8,1739.7,885.2,692.7,741.9,782.6,570.3,732.9,848.5,704,737.9,832.6,816.6,646.4,810.5,769.1,737.1,831.8,844.6,558.5,812.6,795.6,895.5,925.7,584.3
200907,monthly,average_daily_wage_hkd,717.7,1038.8,1096.1,840.3,698.9,1000,996,937.2,727.3,1733.3,880.4,702.8,749.3,806.1,568.6,763.6,856.4,697.7,751.8,933.9,835.5,644.8,818.6,763,738.4,830.5,845.7,570.7,794.1,794.9,877.4,885.4,586
200908,monthly,average_daily_wage_hkd,703.8,1025.7,1103.6,867.1,676.5,1000,997.1,936.2,732.1,1685.8,865.5,704.1,739,802.4,568.1,826.5,852.9,690.7,789.6,973,874.6,659.7,822.6,758.1,738.3,831.9,852.1,579.1,780.5,810.5,891.4,840.4,578.4
200909,monthly,average_daily_wage_hkd,709.5,1030.7,1115.1,856,696.8,700,1003.5,941.3,723.8,1678.4,864.1,713.8,731.3,811,566.4,835.3,842.8,696.8,757.5,914.3,845,658.8,822.5,771.1,736.3,854.6,848.4,592.9,782.4,787.3,902.5,783.2,586.8
200910,monthly,average_daily_wage_hkd,689.9,1057.1,1116.2,862.6,690.1,400,1003.7,945.7,756.8,1739.1,870.4,715.1,735.2,809.2,573.7,836.3,844.2,710.7,739.7,923.8,856.9,625.6,804.5,779.1,738.8,857.5,851.6,610.8,804.8,771.8,917.8,782.9,593.8
200911,monthly,average_daily_wage_hkd,692.6,1044.3,1128.6,878.9,679.4,400,1012.6,956.3,750.9,1656.4,876.1,712.5,728.2,805.2,573.6,852.1,821.9,715.5,699.8,913.4,843.8,644,792.2,777.8,742.9,864.7,846.6,622.1,815.9,757.6,924.3,750.1,594
200912,monthly,average_daily_wage_hkd,682.9,1060.2,1124.1,896.1,685.1,404.3,1014.4,952.4,761.3,1721.1,873.7,711.1,713.9,807.4,575.9,848.9,850.5,714.8,681.7,931.8,811.3,635.7,803.4,784.6,738.6,859.7,845.8,620.9,813,779.9,921.9,747.2,595.4
201001,monthly,average_daily_wage_hkd,698.8,1056.4,1120.8,936,678.7,400,1007.4,949.7,757,1678.8,866.6,702,709.4,813.8,579.5,834.5,852.7,726.2,674.1,954.7,841.4,631.2,816.6,774.8,740.6,865.1,852.6,620.3,824.5,762.1,933,852.4,597.7
201002,monthly,average_daily_wage_hkd,690.8,1044.7,1118.3,921.3,678.5,400,1004.1,937,755.8,1623.7,859.8,700.4,706.9,817.3,577.7,839.4,861.1,721.4,648.1,961.6,853.2,628.1,803.9,772.8,738.5,861.4,849.9,599.2,815.7,792.3,973.9,910.1,594.6
201003,monthly,average_daily_wage_hkd,698.6,1058.4,1114.2,923.7,684.7,400,1008,949.3,754.7,1691.1,862,707.7,727.3,821,577.8,773.6,877.6,719.4,737.2,916.3,826.4,627.4,818.4,793.5,742.4,877.5,852.1,634.1,800.2,772.1,1013,868.9,597.6
201004,monthly,average_daily_wage_hkd,679.5,1069.6,1105.3,912.7,683.8,400,1005.3,932.1,747.8,1716.1,862.9,703.8,749.5,827.9,578.9,809.3,931.8,716.8,743.6,908.1,835.1,617.8,830.7,815.9,740.4,883.1,870.3,632.6,801.8,774.6,1000.6,860.7,597.4
201005,monthly,average_daily_wage_hkd,684.1,1089.3,1106.9,901.3,694.5,400,997.2,932.4,753,1663.6,868.3,703.9,786.7,822.2,580.3,825.2,893.7,730.3,748.1,883,846.8,620.8,812.9,826.8,742.5,885.1,869.4,610.5,796.7,796.3,1040.6,881.2,597.4
201006,monthly,average_daily_wage_hkd,683.1,1089.5,1105.1,877.2,681.9,400,989,941.3,752.9,1661.7,868,706.8,790.9,828.9,582,818.2,900.4,732,732.4,825.8,869.3,630.5,814.8,832.3,740.2,883.6,871.1,628.8,791.1,791.2,1027.9,919.6,598.4
201007,monthly,average_daily_wage_hkd,676.9,1072.5,1101.7,876.6,701.5,400,977.4,931.7,760.4,1693.7,861.6,698,766.3,825.8,581.5,796.5,905.8,734.6,725.7,805.1,768.6,635.2,801.5,828.7,743,884.1,882.3,640.6,796.6,790.5,1031,976.1,597.1
201008,monthly,average_daily_wage_hkd,672.2,1089.3,1148.6,878.9,688.9,1000,982.7,934,765.4,1932.3,853.1,697.4,751.6,843.4,585.3,830.2,915.5,742.8,718,1085,713.5,634.7,797.1,829.6,745,881.1,882.9,650.7,879.7,814.8,1033.9,980,600
201009,monthly,average_daily_wage_hkd,695,1078.6,1143.9,875.2,707.5,1000,983.3,926.2,769.4,1788.7,861.9,696.6,745.8,841,587.5,870.9,925.3,748.3,687.3,1046.3,751.2,626.5,815.7,829.8,744.1,887.3,891.9,659.6,864.2,782.6,1009.4,937.6,603.2
201010,monthly,average_daily_wage_hkd,693,1108.8,1154.7,850,706.4,1000,985.9,926.8,770.6,1632.2,864,695.3,739.9,838.3,591.3,889.9,924.5,752.6,666.8,843.4,728.8,611.8,805.9,814.2,743.8,885.8,891.7,651.4,854.4,777.9,1015.8,910.5,607.6
201011,monthly,average_daily_wage_hkd,706.3,1090.2,1160.9,864.9,696.1,916.7,993.8,934.9,791.7,1800.6,871.9,686.1,738.1,835.3,598,955.5,913.9,758.6,686,887.5,766.7,613.5,825.6,830.2,744.5,888,888.5,664.3,831.7,775.7,1028.1,940.3,609.3
201012,monthly,average_daily_wage_hkd,704.9,1071.8,1166.5,860.7,628.3,750.5,996.9,926.4,797.2,1766,875.7,697.2,755.3,842.8,599.1,907.7,915.6,762.2,696.1,778.8,818.3,623.3,828.5,812.8,746.3,891.3,885.6,659.5,830.8,784.1,1017.1,951.5,610.6
201101,monthly,average_daily_wage_hkd,695.1,1093.9,1174.5,865.2,607.9,751.9,1007.2,929.1,793.4,1701.2,886.8,693.5,767.4,857.4,602.2,893.5,908.8,766.1,707.9,808.1,817.4,608.6,841.4,791.7,750.8,889.8,881.6,693.1,841.3,781.2,1029,887.5,610.1
201102,monthly,average_daily_wage_hkd,691,1089.9,1188,843.2,632.2,851.3,1012.3,923.2,788.7,1745.6,897.4,701.6,769.6,854.6,605.1,906.3,885.8,773.8,711.4,841.7,832.6,609.4,831.4,785.6,750.2,884.2,871.8,696.1,840.4,786,1025.7,894.4,615.7
201103,monthly,average_daily_wage_hkd,689.7,1112.6,1190.3,852.6,670,793.2,1017.4,923.3,787.8,1775.8,904.3,712.3,778.8,856.5,604.6,930.6,873.8,779.6,705.5,919.9,833.1,618.5,837.6,765.6,755.1,888,860,700.6,843.1,829.1,968.9,883.3,619.9
201104,monthly,average_daily_wage_hkd,704.8,1111.2,1197.5,875.9,633.3,793.2,1021.3,935,795.4,1761,904.9,712.3,758.3,854.2,603.7,963.4,874,787.9,634.6,890.7,846.1,610.2,799.1,778.3,757.9,892.8,862.7,688.2,860.1,829.9,968.4,920.8,617.3
201105,monthly,average_daily_wage_hkd,704,1093.4,1192.8,857.6,654.6,850,1032.8,947.2,797.2,1760.2,901.7,716.8,739.8,865.8,605.6,910.1,889.4,783.3,638.3,892.9,851.3,620.2,809.2,787.3,765.3,897.7,863.7,672.1,889.5,834,1091.8,963.5,628.9
201106,monthly,average_daily_wage_hkd,688.4,1102.5,1192.7,841,669.6,850,1059.6,943.7,809.2,1720.9,900.3,713.9,736,868.8,606.7,917.8,896.9,786.9,649.3,948.1,867.3,620.7,813.6,791.9,764.3,897.2,856.2,685.3,914.4,836.3,997.3,944.9,632.3
201107,monthly,average_daily_wage_hkd,712.7,1079.4,1223.2,874.4,695.8,852.5,1066.2,960.3,817.2,1749.7,930.8,712.1,731.5,877,606.4,854.3,874.5,792,639.5,915,831.3,616.6,817,788.7,765.2,908.2,859.8,696.1,935.9,846.9,946.1,975.2,640.1
201108,monthly,average_daily_wage_hkd,710.9,1066.7,1237,849.2,673.6,851.7,1077.4,991.9,839.2,1780.3,939.3,716.7,716.2,888.2,606,841.6,868.9,800.4,649.3,914.5,740.5,617.7,824.5,784.5,772.5,914.9,871.8,704.2,950.2,841.6,953.8,967.1,644
201109,monthly,average_daily_wage_hkd,704.2,1106.4,1280.4,842.1,676.8,852.6,1092.9,1010.2,859.8,1784.9,941,718.8,702.4,884.9,604.7,895.5,863.8,813.9,636.2,908.9,984.8,617.7,828.3,769.6,784.9,918.5,876.6,667.6,953.7,843.5,987.8,970.1,643.9
201110,monthly,average_daily_wage_hkd,707.6,1090,1278.4,837.6,670.5,850,1090.4,1054.2,865.7,1763.6,956.4,718.5,666.5,886.7,609.2,921.7,883,830.9,618.7,868.8,916.9,616.4,842.2,775.4,790.5,931,897.4,634.2,968.3,842.7,930.8,993,653.6
201111,monthly,average_daily_wage_hkd,734,1097.2,1274.1,834.9,676.6,850,1084.9,1074.4,885.5,1819.4,966.1,728.7,659.5,893.5,614.6,927.4,877.8,835.6,629.4,882.8,934.2,616.9,830.9,775.2,796.9,931.9,898.2,614,955.8,833.8,1028.8,1000.4,658.2
201112,monthly,average_daily_wage_hkd,747.1,1129.3,1249.3,853.3,654.6,852.7,1091.1,1073,898.6,1761.1,969.7,722.8,666.5,893.5,616.4,896.6,898.7,839.3,644.8,898.3,952.9,622.2,835.3,780.6,801.9,940.2,893.9,610,949.1,839.5,1181.4,1005.1,653.7
201201,monthly,average_daily_wage_hkd,742.2,1130,1276.9,858.5,674.4,925,1129.3,1073.8,895.1,1792.1,971.2,731.1,660,907.5,617.2,911.3,897.8,840.8,625,843.9,942.9,645.5,845.8,800.5,807.5,961.7,896.7,591.2,943,835.7,1127.9,1041.9,659.9
201202,monthly,average_daily_wage_hkd,745.3,1139.3,1288.2,894.7,674.2,989.8,1131.2,1078.2,909.7,1792.5,982.9,735.4,698.7,925.9,619.1,923.7,896.5,846.6,603.2,797.9,919.3,643.8,854,806.3,803.1,955.3,903.2,609.3,942.3,841.9,1151.3,1048.8,670.1
201203,monthly,average_daily_wage_hkd,730.9,1140,1283.1,889.6,672.9,1000,1125.2,1070.7,907,1748.3,980.3,731.6,697.2,940.1,620.8,896.9,903,845.4,585.6,838.5,917.6,631.1,870.2,822.1,801.1,956.4,916.2,613.5,930.6,828.8,1150.7,1034.7,676.7
201204,monthly,average_daily_wage_hkd,724.2,1144.6,1287.5,882,674.3,996.1,1126.7,1083,897.7,1778.1,984,746.7,695,945.6,620.5,862.7,908,860.1,537.9,739.9,934.9,667.3,865.1,841.2,806.9,972.5,912.1,613.4,928.9,834.1,1151.7,979.8,678.2
201205,monthly,average_daily_wage_hkd,740,1139.5,1295.3,881.2,674,925,1134.2,1095.1,900.3,1751.3,999.1,744.6,705.5,956.5,626.9,868,917.3,865.9,594.3,678.9,1168.1,650,868.9,835,812.8,968,914.4,624.6,939.4,889.2,1157.8,1032.5,682.4
201206,monthly,average_daily_wage_hkd,735.8,1147,1295.5,883.7,665.1,925,1143.2,1118.6,878.6,1711.8,1001,741.7,713.5,953.3,630.4,919.3,908.9,881.4,583,669.1,1247.5,636.9,874.5,816.6,812.3,965.5,910,664.9,925.9,910.5,1172.5,1044.2,682
201207,monthly,average_daily_wage_hkd,736.1,1158.8,1306.2,886.7,688.5,925,1161.8,1145.8,870.9,1802.6,1010.9,737.8,708.1,957.3,629.5,787.4,912.9,878.9,583.7,595.8,1058,638,872.7,828.4,815.6,972.1,907.6,655.3,923.9,998.2,1174,997.4,688.3
201208,monthly,average_daily_wage_hkd,738.3,1153.5,1311.5,900.4,682.4,1230,1178.3,1136,881.9,1869.9,1007.1,741,704.1,945.8,629.1,809.6,902,884.4,599.3,592.4,1153.1,650.8,857.2,827,817.6,966.2,906.6,661.6,926.4,993,1175.6,994.1,690.1
201209,monthly,average_daily_wage_hkd,743,1157,1323.1,927.2,700.6,1230,1200.9,1168.5,912.8,1828.7,1032.1,738.2,715.3,966.5,643.9,801.2,910.6,897.3,612,560.3,1271,649.4,865.4,820.5,824.5,994.2,923.7,689.7,939.9,999.3,1178.5,1027.9,690.8
201210,monthly,average_daily_wage_hkd,759.1,1189.9,1366.4,939,711.1,1230,1251.4,1165.5,923.8,1903.8,1081.5,766.5,743.4,987.5,652.6,890.1,917.8,931.5,605.2,1030,1212.2,669.2,885.6,823.7,833,994.7,937.8,678.5,985.9,1007.5,1080.5,1122,695.2
201211,monthly,average_daily_wage_hkd,774.4,1219.4,1349.3,938.1,736.7,1230,1270.8,1205.1,955.2,1940.9,1100.2,771.5,753.5,1002.3,660.1,919.7,931.6,953.2,608.7,959.4,1244.9,709.4,891.7,831.2,849.3,997.8,945.6,684.1,999.5,1026.2,1280.6,1126,700.3
201212,monthly,average_daily_wage_hkd,771.5,1243,1401.3,935.6,718.1,1230,1345.4,1252.2,977.9,1958.8,1124.7,781.1,756.9,1012.5,679.1,928.6,942.1,990.5,605.8,1041.6,1112.5,705.3,899.9,846.4,859.5,1028.5,952.6,685.7,1031.8,1064.5,1061.9,1115.5,707.5
201301,monthly,average_daily_wage_hkd,798.9,1262.8,1430.6,946.9,753.8,1266.7,1385.3,1314.1,1010.9,2010.2,1133.5,791.5,773.5,1043.2,693.3,1003.9,968.2,1011.6,649.8,1202.9,1160.5,695,927.2,859.6,875.6,1044,963.1,712.9,1065.5,1032.8,1343.7,1165.9,718.1
201302,monthly,average_daily_wage_hkd,743.8,1296.6,1484.4,946.5,828.4,1266.7,1392.6,1346.8,1042.8,1964.7,1149.5,783.5,783.7,1052.5,701.2,1072.1,964.1,1040,659,1245.1,1011.8,729.3,928.4,882.2,897.5,1071.3,970.8,694.2,1111,1135.1,1324.8,1297.3,725.4
201303,monthly,average_daily_wage_hkd,756.4,1293.6,1470.8,934.8,799,1266.7,1402.6,1331.2,1070.8,1902.2,1149.9,796.3,795.9,1067.3,707.3,1081,963.2,1038.2,648.4,1244.6,1064.7,737.8,947.4,876,896.6,1063.8,975.3,657.9,1168.6,1111.6,1339.8,1372.8,729.6
201304,monthly,average_daily_wage_hkd,743.9,1289.8,1476.1,938.4,754.5,1266.7,1410.1,1372,1058.2,2000.3,1169.9,794.5,817.8,1075.5,709.8,1082.7,936.9,1043.7,666.7,1135.6,1206.1,740.3,946.2,888.5,894.2,1063.5,956,662.3,1225.8,1047.6,1323.3,1332.6,739.7
201305,monthly,average_daily_wage_hkd,752.3,1298.4,1514.5,949.9,743.3,1266.7,1413.4,1390.6,1045.3,2075.7,1163.8,794.6,828.1,1088.2,711.6,1098.6,933.5,1067.5,649.8,1122.2,1056.8,734.8,944,884.9,907,1056.5,952.1,677.2,1244.3,1119.3,1277.5,1352.6,740.4
201306,monthly,average_daily_wage_hkd,744,1283,1526.5,950.4,741.6,1266.7,1425.5,1401,1023.6,2072.7,1139,796.5,826.8,1080.8,712.5,1082.1,923.5,1079.2,649.2,1036.7,1017.3,753.8,961.9,877.2,914.1,1056.2,935.7,670.8,1280,1088.4,1278.3,1383,752.2
201307,monthly,average_daily_wage_hkd,743.6,1297.7,1542.8,938.1,763.4,1266.7,1456.4,1424.6,1039.9,2097.5,1164,800.4,833.3,1095.1,712.7,1095.3,912.4,1088.4,639.8,900,1188.4,741,958.4,865.8,917.2,1065.2,932.3,662.5,1340.1,983.6,1350.6,1404.3,748.9
201308,monthly,average_daily_wage_hkd,749.6,1275.5,1552.9,943.2,764.8,1266.7,1490.7,1413.5,1046.2,2030,1163.5,810.2,850.2,1144,713.3,1098.7,913.9,1094.7,650.4,903,1223,734.2,955,878.7,922.9,1057.8,933.8,657.1,1351.6,1076.9,1585,1539,741.2
201309,monthly,average_daily_wage_hkd,774.5,1303.3,1574.7,965.1,761.1,1266.7,1507.7,1397.2,1084.4,2049.3,1145.6,824.4,845.2,1173.9,717.4,1067.9,912.6,1105.8,651.3,964.1,1228.3,732.5,941.2,873.7,924.6,1056.8,934.8,689.6,1360.2,1184.5,1728.1,1576.1,750.2
201310,monthly,average_daily_wage_hkd,749,1302.8,1582,943.6,775.1,1266.7,1526.8,1418.2,1085,2046.4,1168.9,861.1,854.6,1205.6,733.3,941.6,916.3,1126.8,655.1,977.2,1247.3,794.1,945.4,865.3,932.4,1039.4,941.5,680.1,1365.8,997.9,1681.3,1535.5,756.2
201311,monthly,average_daily_wage_hkd,785.2,1387.6,1584.4,933.3,769.8,1266.7,1528.3,1436.1,1079.5,2077.4,1162.2,860,853.4,1225.2,739.8,868.6,903.7,1135.5,667.3,988,1202.6,818.5,963.6,852.6,932.8,1030.3,940.2,673.5,1400.3,1063.4,1642.7,1574.8,763.7
201312,monthly,average_daily_wage_hkd,813.4,1395.2,1599.3,931.3,744,1600,1546.9,1439.4,1193.4,2147.5,1171.1,860.4,853.1,1226.6,743,1040,920.4,1136.1,648.2,962.5,1205.8,772.4,954.9,857.8,931.5,1043.8,941.6,676.9,1383.2,1316.6,1415.9,1327.9,751.8
201401,monthly,average_daily_wage_hkd,799.2,1426.8,1603,952.1,734.1,1600,1564.3,1498.5,1109.8,2157.3,1150.3,848,814.3,1229.9,746.3,1031.4,952.8,1152.7,658.1,1022.3,1212.3,754.2,971,853.5,940.2,1037.3,967.1,659.3,1396.5,1179.1,1419,1347.5,747.7
201402,monthly,average_daily_wage_hkd,801.6,1487,1621.5,958.4,686.5,1010,1595.5,1509,1105.9,2224.7,1158.2,844.6,842.1,1234.1,753,917.1,938.9,1143.8,665.7,1020.8,1207.7,741.1,978.4,852.2,948.2,1046.1,971,703.9,1451.8,1484.1,1419,1448.4,752.4
201403,monthly,average_daily_wage_hkd,799.9,1487.1,1635.6,999.8,700.8,1010,1629.5,1546,1132.7,2238.2,1182.3,851.4,829.9,1236.4,761.1,1102.8,945.5,1171.9,648.4,1039.4,1202.8,770,988.4,863.3,948.5,1053.4,975.4,683.6,1466.1,1461.9,2239.3,1425.8,751.9
201404,monthly,average_daily_wage_hkd,816.4,1439.3,1646.2,972.1,700.4,1010,1654.9,1602.6,1117,2181.5,1213.3,852.6,889,1254.4,769.2,1096.5,969.4,1186.9,702,1091.1,1143.9,767.9,993.1,881.5,950.1,1047.6,1004.5,687.6,1458.3,1494.2,1400,1408.6,748.3
201405,monthly,average_daily_wage_hkd,814.7,1437.7,1685.9,963.9,706.1,1010,1672.4,1667.2,1122,2221.9,1232.7,857.6,905.2,1263.3,778.3,1106.2,971,1206.5,693.2,1100,1203.5,768.5,998,883.9,955.8,1085.9,995.2,668.8,1480,1453.7,1400,1462.4,743.6
201406,monthly,average_daily_wage_hkd,820.3,1453.8,1718.4,979.3,714.8,1010,1718.5,1699.8,1116.4,2237.7,1272.6,883.7,954.5,1296.4,787.4,1067.3,997,1230.5,692.6,1100,1089.8,774.9,1015.4,902.6,969.4,1096.6,1019.4,681.9,1495.2,1483.2,1400,1430.3,762.6
201407,monthly,average_daily_wage_hkd,846.4,1492,1729.7,1008.6,692.9,1010,1716.7,1746.7,1074.9,2245.3,1276.1,889.7,948.3,1294.5,795.7,1117.5,994.6,1243.6,691.8,1109.5,1005.8,783.9,1020.6,917.4,976.8,1131.9,1024.9,680.4,1521.3,1513.6,1400,1464.9,766.9
201408,monthly,average_daily_wage_hkd,840.7,1515.6,1758.1,980.8,699.5,1010,1743.2,1800.3,1186.8,2272.3,1282.5,895.8,941.4,1316.8,800.3,1066.1,994.1,1262.1,706.6,1143.3,1040.1,777.5,1033,932.7,989.4,1180.5,1017.2,687.6,1553.7,1580.8,1450,1449.8,765.5
201409,monthly,average_daily_wage_hkd,810.6,1514.1,1778.8,1112.7,706,1010,1789.2,1846.4,1142.7,2308.3,1303.5,902.4,988,1319.2,809.2,1182,998.9,1277.3,709,1106.1,1198.1,776.1,1026.7,938.3,1000.7,1185.6,1030.7,714.6,1550,1619.5,1354.9,1434.2,763.8
201410,monthly,average_daily_wage_hkd,862.2,1540.9,1832,1044,703.4,1010,1811,1843,1164.8,2304.4,1338.9,907.1,985.7,1335.4,823.5,1261.3,999.4,1304.7,709.2,1150,1198.1,803.2,1052.2,942.9,1018.1,1195.3,1060.4,724,1510.1,1598.3,1420.4,1478.8,763.7
201411,monthly,average_daily_wage_hkd,854.9,1608.3,1854.6,1077.9,703.8,1010,1852.7,1890.1,1192.4,2260.9,1385.6,921.2,996.3,1328.5,838.9,1168.4,1027.5,1344.1,718.8,1147.8,1250,801.8,1070.3,947.1,1038.7,1234.8,1092.3,754.9,1485.1,1593,1406,1494.6,774.8
201412,monthly,average_daily_wage_hkd,884.3,1639.4,1882.4,1189.1,709.8,1010,1876.5,1894.9,1178.8,2242.5,1420.2,928.4,989.4,1320.1,856.2,1247.2,1048.3,1376,719.8,1153.4,1228.6,816.9,1103.5,981.9,1045.1,1255.9,1130.1,753.1,1488.4,1594.9,1450,1456.5,788.8
201501,monthly,average_daily_wage_hkd,911.3,1639.4,1894.2,1234.3,708.4,1010,1906.8,1945,1180.8,2177.9,1410.7,942.2,983,1304.2,862,1265.5,1069.2,1380.4,729.8,1161,1300,809.3,1138.5,992.4,1050,1278.7,1146.7,772.5,1472.9,1553.3,1400,1444.3,792.3
201502,monthly,average_daily_wage_hkd,872.2,1640.5,1870.7,1209.1,708,1010,1883.8,1871.7,1136.8,2185.4,1409.6,935.8,1137.3,1306.6,867.4,1405.6,1062.4,1367.4,738.1,1175.2,1261,801.3,1098.1,996.8,1061.5,1260.5,1142.7,794.5,1481.6,1480.5,1500,1427.3,791.9
201503,monthly,average_daily_wage_hkd,870.7,1693.5,1860.6,1279.3,729.6,1010,1927.7,1896.2,1112.9,2383.9,1453.5,947.9,1209,1316.4,878.9,1369.9,1075,1386.6,723.9,1158.7,1139.1,803.7,1115.6,1025.8,1071.7,1298.2,1173.6,782.3,1499.9,1487.5,1500,1479.9,790.1
201504,monthly,average_daily_wage_hkd,862,1624.5,1878.8,1302.6,726.5,1010,1926.4,1928.8,1121.2,2382.6,1490.3,959,1253.9,1316.4,887.3,1338.8,1090,1369.5,738.2,1086,1000,794.5,1110.6,1026.8,1082.7,1313.8,1161.4,792.7,1514.4,1571.9,1470,1474.9,778.8
201505,monthly,average_daily_wage_hkd,886.4,1686.8,1886.3,1271,735.6,1010,1882.9,1871.7,1124.3,2471.6,1440.3,973.1,1275.3,1337.3,903.4,1339.9,1115.3,1415.5,729.3,1446.2,1000,778.2,1127,1052.2,1080.8,1297.1,1175,793.2,1573.1,1638.9,1470,1481,780.6
201506,monthly,average_daily_wage_hkd,884.5,1575.4,1880.5,1280.6,730.2,1010,1898.2,1886.4,1124.7,2515.8,1466.7,995.7,1224.8,1343.4,904.1,1293.8,1108.5,1416.3,726.3,1262.2,1184.7,791,1116.7,1047.6,1083.3,1315.9,1179.2,821.8,1580.4,1531,1250,1470.5,794.1
201507,monthly,average_daily_wage_hkd,886.5,1750.9,1890.1,1291.6,736,1010,1883.6,1902.3,1156,2492.5,1493.6,995.9,1205,1336.3,904.4,1244.9,1144,1411.6,742.1,1292.6,1000,800.2,1136,1089.3,1094.4,1353.3,1199.8,831,1599.3,1503.3,1250,1469.2,804.7
201508,monthly,average_daily_wage_hkd,928.9,1733.2,1882.1,1256.9,728.3,1010,1875.1,1856.4,1188.4,2346.9,1476.1,1014.7,1263.7,1350.8,904.9,1242.8,1140.7,1414.4,762,1230,1187,836.4,1146.3,1106.2,1105.7,1393.3,1222.5,851.3,1594.2,1463.8,1265,1468,809.6
201509,monthly,average_daily_wage_hkd,948.4,1711.9,1861.5,1215.4,735.8,1010,1852.5,1851.5,1132,2330.5,1478.1,1028.2,1060.1,1364.1,907.1,1220.2,1166.4,1387.5,753.3,1230.4,1204.8,834,1135.7,1086.2,1109.4,1385.2,1236.9,822.9,1596.6,1428.7,1193.3,1534.1,811.2
201510,monthly,average_daily_wage_hkd,957.6,1881.1,1880.2,1288.9,736.4,1010,1870.1,1904.8,1137.7,2337.2,1503.2,1018.1,1092.8,1357.3,921.2,1193.3,1177.8,1355.3,783.7,1200.6,1124.4,822.5,1158.3,1104.7,1121.8,1476.4,1251.6,820.8,1562.3,1360.4,1100,1564.5,803.9
201511,monthly,average_daily_wage_hkd,920,1731.1,1910.2,1299,736,1010,1858.7,1909.6,1264.5,2157.2,1500.4,1016.9,1030.7,1325.5,927.8,1299.1,1182.4,1359.5,750,1197,1122.8,800.7,1172.7,1112.5,1134.9,1348.5,1263.2,822.1,1627.4,1226.3,1435.8,1596.1,811.3
201512,monthly,average_daily_wage_hkd,893.4,1706,1899.4,1211.8,742.4,1200,1837.5,1895.4,1218.8,2172.1,1502.3,1033.4,1041.6,1324.3,915.7,1258,1184.4,1342.2,748.7,1200,1081.7,797.7,1159.4,1121.5,1129.1,1343.6,1258.7,820.9,1628.1,1379.8,1469.6,1471.7,827.6
201601,monthly,average_daily_wage_hkd,945,1747.8,1897.8,1188.5,734.4,990,1885.9,1867.1,1238,2116.1,1482.7,1048.1,1050.2,1320.7,911.3,1236.6,1184.2,1365.7,757.7,1206.6,1023.1,813.3,1153,1139.1,1147,1349.6,1255.3,822.6,1651.2,1329.4,1680,1484.1,830.3
201602,monthly,average_daily_wage_hkd,902.8,1718.4,1948.4,1180.8,744.7,932,1879.5,1864.3,1196.9,2179.7,1529.1,1052.1,967.9,1329,919.1,1248.3,1207.1,1384.6,768.4,1216.4,1197.7,868.9,1146.5,1150.3,1151.5,1354.2,1267.5,803.7,1638.8,1423.7,1475,1467.5,838.8
201603,monthly,average_daily_wage_hkd,896.2,1748.8,1996.5,1221.4,736.2,932,1949.6,1902.2,1223,2129.1,1580.8,1068.7,968.7,1324.4,920.9,1256,1192.4,1399.1,771,1219.5,1203.4,887.6,1131.2,1141,1156.7,1339,1277.3,821.2,1622.8,1411.4,1292.5,1550,821.1
201604,monthly,average_daily_wage_hkd,978.5,1718.9,2020.6,1187.9,748.3,932,2016.9,1939.2,1215.9,2189.3,1614.9,1068,982.9,1330.3,926.1,1265.2,1211,1419.5,790.6,1231.6,1025.2,828.1,1153.3,1135.2,1172.1,1365.5,1283.6,823.8,1625,1457.4,1050,1553.2,830.1
201605,monthly,average_daily_wage_hkd,922.7,1802.6,2055.7,1216.4,755.1,932,2060.1,1938.9,1197.8,2110.7,1617.6,1064,1024.4,1329.7,943.8,1398.6,1218.9,1435.3,773.6,1257,1279.5,864.5,1165.6,1121.7,1171.7,1381.3,1296.3,812.3,1636.8,1329.1,1133.2,1557.1,830.7
201606,monthly,average_daily_wage_hkd,881.1,1783.4,2084.2,1222.9,802.4,910,2067.9,1932.5,1242.3,2166.5,1625.6,1065.8,938.5,1336.2,945.7,1294.9,1208.1,1395.5,756,1259.2,1395.4,872.2,1180.5,1141.8,1167.2,1388.7,1285.1,812.1,1625.9,1395.1,1050,1486.7,827.4
201607,monthly,average_daily_wage_hkd,855.7,1828.4,2085.9,1276.6,759.9,910,2043.3,1928.6,1259.6,2159.9,1644,1079.4,949.5,1346.2,958.2,1283.4,1218.4,1407.9,761,1260,1423.5,867.1,1177.9,1179.6,1169.3,1387.8,1296.2,823,1617.6,1462.7,1050,1489.3,840.1
201608,monthly,average_daily_wage_hkd,864.6,1813.1,2099.8,1128.6,749.2,900,2081.3,1920.3,1256.5,2245.3,1618.8,1067,959.8,1357.6,969.7,1344.2,1201.6,1372.5,735,1257.1,1163.3,846.6,1175.1,1182.1,1181.3,1408.7,1293,823.5,1648.7,1440.5,1113,1487.6,842.4
201609,monthly,average_daily_wage_hkd,884,1833.1,2116.7,1167.3,750.9,1055,2128.7,1972.3,1251.3,2279.8,1646.4,1080.6,1002.1,1356.4,981.5,1414.9,1189.9,1389.2,744.4,1260,961.4,859.6,1184.5,1164.1,1185.4,1437.5,1294.6,837.4,1665.5,1514.9,1275.6,1512.7,847.3
201610,monthly,average_daily_wage_hkd,870.6,1822.1,2112.5,1177.1,787.8,1200,2094.4,1964.5,1232.8,2330.3,1577.6,1100.1,976.9,1379.7,999.3,1402.4,1196.4,1357.4,748.7,1248.4,906.3,852.2,1142.1,1172.8,1197.2,1362.2,1301,874.7,1675,1273.4,1517.2,1468.3,843.5
201611,monthly,average_daily_wage_hkd,868.7,1860,2113.1,1218,822.5,1200,2068.2,2001.2,1256.7,2300.6,1605.9,1113.2,1036.7,1378,999,1539.6,1197.2,1367.6,719.3,1284.3,1012.9,834.6,1149.5,1141.7,1177.1,1375.3,1347.6,902.7,1701.5,1350.4,1396.7,1426.1,854
201612,monthly,average_daily_wage_hkd,908.5,1868.1,2108.4,1243.6,817.8,1200,2033,1959.3,1276,2180.1,1605.4,1131.8,1104.2,1382,1011,1445.3,1220.1,1363.9,735.1,1278.2,1038.2,840.8,1156,1168.5,1176.6,1378.1,1373.7,957.3,1698,1371,1505.9,1399.2,855.9
201701,monthly,average_daily_wage_hkd,918.7,1825,2104.8,1260.9,819.1,1200,1995.3,1986.4,1282.6,2135.8,1622,1150.4,1163.6,1390.3,1018.7,1487.8,1215.4,1356.8,761.3,1270.3,1167.5,865.2,1161.5,1195.6,1191.1,1394.4,1403.2,956.6,1713.6,1266.3,1427.5,1426.2,857.5
201702,monthly,average_daily_wage_hkd,942.2,1856.2,2088.3,1260.3,814.7,769.2,1994.4,1993.8,1291,2363,1635.3,1172.7,1197.6,1397.9,1032.6,1528,1224.8,1353.8,775.2,1269,1018.5,874.6,1196.6,1225.5,1195.6,1384.5,1397,979,1696.2,1474.5,1420.9,1410,865.4
201703,monthly,average_daily_wage_hkd,948,1859.8,2072.7,1226.4,813.5,1080.5,1978.2,1993.8,1297.6,2322.3,1660,1202.8,1247.5,1390.8,1051.8,1535.9,1210.5,1372,801,1378.4,1166.3,884.7,1189.8,1232.3,1198.1,1361.9,1397.3,1014,1690.2,1376.7,1529.5,1386.8,883.6
201704,monthly,average_daily_wage_hkd,920,1860.4,2073.9,1328.3,814.3,1200,1963.3,1946.9,1275.8,2193.8,1661.5,1217.6,1305.9,1421.7,1078.3,1559.9,1224.6,1412.8,796,1236.8,1119.6,933.9,1186.5,1253.4,1198.8,1362.7,1427.9,990.7,1680.2,1338.4,1495.9,1388.1,903.1
201705,monthly,average_daily_wage_hkd,930.2,1815.8,2099.6,1625,828.3,1200,1932.6,1939.1,1272.8,2204.1,1644.8,1228.4,1349.6,1459.8,1073,1600.9,1262.9,1406.9,802.3,1628,1225,983,1258.6,1280.5,1215,1472.6,1423.8,1059.8,1659.1,1495.6,1414.2,1392.9,909.1
201706,monthly,average_daily_wage_hkd,974.7,1807.5,2137.2,1485.9,844,1200,1925.9,1926.4,1284.4,2147.7,1606.3,1184.4,1214.6,1422,1037.6,1583.7,1241.2,1376.1,885.8,1636.9,1192.8,886,1211.9,1271.3,1207,1420.3,1416.7,1011.7,1666.9,1557.2,925,1403,898.8
201707,monthly,average_daily_wage_hkd,1003.9,1828.7,2134.9,1398.4,881.6,1200,1950.1,1896.9,1280.7,2286.9,1611.1,1190.5,1140.8,1409.5,1027.6,1500.5,1234.8,1371.8,851.7,1685.6,1187.7,878.9,1222.3,1275.4,1207.6,1398.2,1435.6,972.9,1659.4,1581.5,1491.6,1470.5,896.8
201708,monthly,average_daily_wage_hkd,997.5,1798.8,2150.5,1395.2,917.6,1200,1979.5,1876.1,1292.8,2222.7,1612.2,1192.9,1180.6,1426.7,1028.5,1470.8,1249.1,1384.9,854.2,1939.8,1235,911.3,1225.8,1268.4,1215.2,1400.2,1425.3,998.5,1661.2,1720.6,1639.4,1473.8,909.4
201709,monthly,average_daily_wage_hkd,982.6,1782.7,2139.2,1402.7,927.8,1200,1981.7,1891.8,1281.4,2169.5,1622.6,1198.8,1146.1,1424,1039.5,1484.7,1273.7,1371.8,838.3,1803.1,1366.9,918,1201.9,1266.4,1213.2,1393.9,1415.9,1012.2,1642.6,1735.7,1585.5,1495.5,907.4
201710,monthly,average_daily_wage_hkd,995.5,1798.2,2164.6,1351,947.5,1200,1946.6,1897.7,1292,2013.6,1607.6,1188.9,1138.4,1402.2,1029.2,1450.8,1256.7,1359.2,856.1,1721.8,1448.3,945.1,1209.3,1257.6,1214.5,1390.8,1418.3,1006.2,1641.9,1839.6,1669.5,1504.8,905.9
201711,monthly,average_daily_wage_hkd,992.7,1820.5,2179.7,1371.2,911.9,1200,1964.5,1904.8,1299.6,2233.7,1604.3,1198.2,1158.9,1398,1021.2,1424.3,1268.9,1354.3,847.6,1621.9,1352,962.5,1243.1,1267.9,1219.7,1381.2,1424.3,1011.2,1652.8,1777,1619.8,1541.1,900.1
201712,monthly,average_daily_wage_hkd,1026.2,1863.7,2166.7,1371,907.2,1076.9,1927.3,1911.2,1316.8,2257.7,1621.1,1194.6,1159.9,1396.6,1012.9,1378.1,1244.3,1351.8,834,1414.2,1216.4,952.8,1251.4,1239,1211.4,1355,1425,1000.7,1631.9,1785.4,1542.5,1517.8,901.5
201801,monthly,average_daily_wage_hkd,986.8,1888,2181.9,1352.9,888.5,1024.6,1917.2,1918.5,1307.3,2278.1,1654.2,1194.6,1204.2,1383.2,1005.9,1405.9,1252,1353.6,836.9,1485.6,1407.7,961.3,1244.1,1218,1218.7,1342.6,1437.5,1007.2,1634.3,1807.7,1572.7,1524,902.4
201802,monthly,average_daily_wage_hkd,970.8,1913.2,2185.9,1437,888,995.6,1912.2,1932.9,1313.8,2298.7,1647.5,1194.7,1194,1375.9,995.2,1370.2,1270,1342.2,864.7,1479.9,1119.3,954.5,1252.3,1223,1224.6,1354.6,1420.4,982.4,1653.9,1732.9,1644.4,1509.1,903.9
201803,monthly,average_daily_wage_hkd,971.7,1883.8,2187.2,1374.1,879.7,869,1929.3,1935.5,1337.1,2290.4,1649.3,1235.7,1231.4,1388.3,988.8,1298.9,1290.2,1358.7,898.5,1180.1,1092.3,982.3,1271.2,1220.8,1256.6,1333,1442.1,971.4,1693.7,1711.4,1559.8,1498.7,918.1
201804,monthly,average_daily_wage_hkd,1076,1868.6,2145.5,1339.9,888.3,945.4,1915.2,1924.7,1342.5,2270.7,1656.7,1251.7,1236,1375,1002.4,1317.6,1281.2,1348,899.2,1143.7,1010.3,969.4,1291.3,1210,1251.6,1335.3,1443.6,976,1681.1,1799.4,1523.9,1446.9,913.8
201805,monthly,average_daily_wage_hkd,1046.1,1886.2,2162,1333.9,869.5,1200,1869.8,1887.4,1353,2281.6,1650.7,1251.5,1226,1376.8,998.2,1327.9,1294.6,1339.1,886.2,1376.2,1151.3,969.5,1291.9,1221.4,1244.3,1336.1,1435.6,963.1,1657.5,1696.9,1563.3,1462.5,914.6
201806,monthly,average_daily_wage_hkd,994.3,1886.9,2164.7,1371.6,895.5,1212.6,1865.1,1884,1335.2,2308.9,1648.9,1249.8,1247.5,1387.3,1003.9,1351.7,1274.5,1344.8,854.8,1253.5,1267.8,973.5,1287.6,1245.9,1249.9,1344.1,1416.9,990.4,1633.9,1805.5,1473.8,1427,914.2
201807,monthly,average_daily_wage_hkd,1028.8,1880.6,2150.2,1368.7,902.2,1200,1863.9,1919.4,1286.4,2353.1,1653.8,1253.9,1236.9,1398.1,1007.3,1364,1281.2,1328.4,890.2,1319.4,1229.3,942.7,1287,1237.4,1244.9,1334.6,1429.5,1024.7,1624.2,1809.9,1528,1415.7,909
201808,monthly,average_daily_wage_hkd,1011,1865.4,2155.9,1374.5,894.8,1279.3,1867.6,1931.9,1288.3,2350.3,1660.6,1258,1235.1,1409.2,1017.7,1415.1,1298.1,1318.8,895,1158.5,1348.4,974,1274.2,1236.3,1247,1341.2,1431,1022.1,1628.1,1730.8,1469.5,1410,906.8
201809,monthly,average_daily_wage_hkd,1018.1,1855.9,2139.3,1379.6,901.5,1200,1893.7,1915.9,1280.5,2361.4,1647.2,1261.7,1237.1,1419.7,1011.3,1461.9,1301.9,1322.8,904.3,1261.9,1158,937.2,1292.6,1226.9,1234.1,1354,1429.7,1017.6,1636.3,1739.7,1536.9,1394.9,873.8
201810,monthly,average_daily_wage_hkd,1032.6,1782.1,2175.2,1352.3,906.9,1051.9,1893,1944.4,1273.6,2386.1,1636.3,1251.8,1235,1416.4,1006.4,1453.2,1301.4,1327.9,876.8,1123.7,1200,930.1,1282.1,1205.4,1241.9,1341,1415.2,1022.6,1634.3,1684.5,1496.9,1447.2,887.6
201811,monthly,average_daily_wage_hkd,1013.6,1817.4,2185,1288.7,887.8,1210.2,1912.3,1969.6,1270.7,2489.9,1634.8,1227.4,1191.7,1408.8,997.8,1470.2,1301.3,1318.9,887.8,1052.4,1236.4,934.6,1272.4,1188.2,1246.1,1334.7,1418.7,1013.5,1641.9,1710.9,1543,1438.5,889.8
201812,monthly,average_daily_wage_hkd,1012,1849.3,2186.8,1297.5,893.8,1244.2,1922.8,1931.7,1239.4,2450.8,1667,1208.5,1176.2,1405.1,995.8,1481.9,1313.4,1315.8,906.9,1432.4,1245.5,972.9,1255.1,1176.1,1241.9,1309.9,1388.8,1027,1629.3,1641.7,1581,1453.8,891.4
201901,monthly,average_daily_wage_hkd,1029.9,1782.1,2216.2,1278.9,874.9,1211.8,1944.7,1941.6,1225.8,2390.5,1696.9,1208.8,1191.4,1392.8,990.2,1478.1,1319.6,1327.4,930.7,1386.9,1118.3,972.8,1258.1,1184.3,1232.7,1326.3,1387.4,1007.3,1615.5,1617.2,1545,1442,899.1
201902,monthly,average_daily_wage_hkd,988.2,1821,2237.7,1306.9,871.1,1267.9,1950.1,1938.4,1221.9,2363.8,1672.1,1204.4,1186.6,1389.3,980.5,1423.5,1282.3,1322.1,921.8,1308.4,1384,981.9,1230,1205.7,1236.2,1328,1372.7,988.5,1614.6,1612.2,1505.7,1423.7,888.1
201903,monthly,average_daily_wage_hkd,1013.9,1807.9,2219.3,1277.7,901.5,1263.8,1972,1978.1,1209.3,2340,1693.3,1207.5,1203.4,1393,982.4,1426.5,1279.4,1338.3,906.1,1273.9,1375,984.7,1242.7,1189.4,1225.3,1290,1396.7,1000.3,1595.4,1587.8,1530.7,1427.5,908.9
201904,monthly,average_daily_wage_hkd,1034.1,1786.4,2270.6,1335.8,885.8,1207.7,2013.7,1983.9,1206.7,2365.7,1697.1,1208.4,1205,1386.5,976.7,1325,1273.6,1342.1,925.8,1149.8,1137.5,1019.8,1236.1,1183.3,1223,1287.5,1398.1,991.9,1591.1,1634,1595.9,1417.6,894.4
201905,monthly,average_daily_wage_hkd,999.9,1816.8,2288.8,1305.1,900.8,1442.3,2019.4,1995.6,1233.1,2411.9,1670.4,1206.7,1236.1,1377.3,978.1,1337.9,1266.6,1326.8,954.3,1133.2,1288.2,1009.5,1241.7,1203,1223.8,1281.9,1390.5,982.3,1499.9,1615.5,1549.6,1429.9,878.8
201906,monthly,average_daily_wage_hkd,1012.6,1820.1,2303.5,1252.8,871.7,1460.1,2007.9,1938.9,1201.2,2401.9,1705.7,1197.2,1256.2,1374.3,970.2,1339.5,1273.5,1320.5,1007.1,1063,1060,996.1,1258.6,1212.6,1211.7,1299.4,1394.6,977.4,1493.3,1675.2,1536.3,1478.6,880.6
201907,monthly,average_daily_wage_hkd,1011.3,1829.3,2304.1,1178,909.1,1415.4,2004.6,1975.8,1205.3,2410.9,1699.3,1206.4,1249.6,1367.5,971.3,1343.1,1283.6,1314.8,988.2,904.4,1431.5,952.2,1268.4,1218.2,1216.9,1324.1,1393,998.2,1502.2,1649.5,1536.9,1440.5,877.3
201908,monthly,average_daily_wage_hkd,1010.1,1804.4,2347.7,1089.5,897,1500.9,2014.3,1999.3,1195.4,2394.8,1684.8,1204.7,1244,1357.9,970.9,1354.7,1291.5,1302.1,983.4,1009.8,1633.3,969,1260.4,1220.5,1213.7,1336.7,1393,991.6,1520.9,1633.1,1518.3,1441.8,886.4
201909,monthly,average_daily_wage_hkd,1046.6,1827.5,2370.9,1114.1,892.7,1444.8,2024.7,2025.5,1211,2456.8,1736.8,1216.2,1255.2,1364,975.8,1339.8,1284.9,1338.3,986.1,1194.7,1523.1,935,1250.6,1212.1,1213,1355.7,1411.2,1004.2,1586.7,1661.6,1451,1454.7,882.4
201910,monthly,average_daily_wage_hkd,1037,1852.3,2351,1151.3,882.8,1367,2008,2030.5,1206.3,2453.2,1677.8,1201.1,1260.4,1356.9,982.9,1310.6,1296.9,1361.1,979.1,1266,1277.4,941.8,1241.2,1209.9,1219.6,1354.3,1409.1,1004,1628.7,1767.8,1391.4,1471.7,881.8
201911,monthly,average_daily_wage_hkd,1016.2,1873.2,2333.2,1110.7,883.8,1457,2000.8,1977.9,1227.6,2441.6,1687.9,1209.5,1264.9,1349.1,983.6,1313.6,1323.4,1364.3,983.7,1212.2,1193.3,935,1264.8,1190.1,1214,1363.8,1407.8,1000.6,1629.9,1796,1524.9,1520.6,886.6
201912,monthly,average_daily_wage_hkd,1045.6,1871.9,2325.5,1233.7,890.6,1678.9,2012.4,1959,1259.5,2469.7,1662.4,1216.1,1274.9,1367.6,986.9,1309.6,1311,1376.9,997.3,1175.2,1262.2,950.9,1257.9,1188.9,1222.5,1381.4,1422,1013.1,1658.4,1778.5,1405,1524.6,891.5
202001,monthly,average_daily_wage_hkd,1074.6,1854.7,2336.6,1295.4,895.9,1678.9,1991.9,1984.9,1247.4,2493.2,1682,1223.6,1263.8,1379,985.1,1299.6,1300.2,1383.5,1005.4,1282.7,1446.5,968.5,1251,1206,1216.6,1397.9,1412.7,1022.4,1657.3,1783.8,1360.2,1497.7,889.7
202002,monthly,average_daily_wage_hkd,1025.9,1860.4,2301.7,1366.6,919.2,1678.9,1920.5,1915.9,1237.7,2495.2,1688.1,1212.4,1280.2,1380.2,992,1250.6,1306.4,1396.3,981.9,1399.6,1252.6,1007.4,1275.5,1221.5,1220,1437.6,1427.6,1061.7,1520.2,1848.8,1412.1,1472.2,899.1
202003,monthly,average_daily_wage_hkd,1069.5,1851.5,2296.8,1391.2,933.1,1466.7,1923.2,1994.2,1242.8,2555.6,1697.9,1239.2,1273.5,1392.9,999.9,1296.2,1319.3,1368.4,1006.2,1336.5,1189.6,1041.3,1275.8,1244.1,1229.5,1452.2,1451.3,1047.4,1664.7,1829.8,1531.3,1492,895.5
202004,monthly,average_daily_wage_hkd,1070.7,1832.3,2257,1346.6,940.7,1157,1924,1928.4,1252.5,2426.2,1712.1,1250.2,1270.4,1377,999.7,1320.9,1319,1353.2,1016.8,1282.8,1153.7,1062,1295.9,1249.6,1224,1453.3,1446.2,1013.3,1652.4,1859.4,1464.6,1510.9,905.9
202005,monthly,average_daily_wage_hkd,1080.4,1829.8,2267.9,1415,924.6,1316,1909.1,1943.8,1247.8,2396.6,1704.8,1252.4,1287.9,1393,998,1338.9,1326.6,1351.7,1040.2,1220.9,1123.8,1061,1321.6,1272.5,1221.9,1494.2,1476.3,1034.4,1658.2,1838.8,1469.8,1519.8,893.6
202006,monthly,average_daily_wage_hkd,1069.9,1790.8,2263.7,1368.2,915.2,1279.2,1842.2,1931.5,1250.3,2522.8,1697.9,1263.7,1266.8,1391.7,1001.1,1382.7,1313.4,1348,1015.8,878.1,1188.5,1075.2,1316.4,1281.8,1233.1,1477,1474.5,1048.3,1645.5,1617,1621.6,1554.6,893.8
202007,monthly,average_daily_wage_hkd,1074.8,1780.2,2261.8,1399,934.2,1380,1799.6,1943.2,1243.5,2512.1,1736.2,1277.4,1271.6,1386.6,1001.8,1409,1304.2,1315.1,969.1,1054.3,1168.8,1099.4,1347.3,1279.7,1223.9,1436.8,1465.7,1031.5,1616.5,1616.4,1601.7,1518.3,918.5
202008,monthly,average_daily_wage_hkd,1094.3,1803.5,2222.6,1349.1,929.2,1212.5,1809.1,1889.1,1213.8,2443.9,1663.3,1259.3,1269.3,1378.5,993.2,1456.2,1312.6,1308.2,1013,1166.3,1262,1075.6,1331.2,1267,1216.3,1410.6,1447.8,1047.4,1611,1630,1572.2,1564.1,914.1
202009,monthly,average_daily_wage_hkd,1126.9,1805.1,2217.7,1207.7,932.4,1145.4,1771.1,1887.2,1219.5,2431,1681.8,1248.6,1282.2,1381.7,998.1,1390.4,1331.4,1308.2,1003.3,1223.4,1130,1108.3,1336.6,1277.8,1217.4,1369.7,1459.8,1026.6,1581.6,1575.8,1592,1503.8,924.5
202010,monthly,average_daily_wage_hkd,1082.3,1780.9,2250.8,1158.1,923.9,1284.4,1768.1,1878,1203.4,2404.8,1709.1,1250.6,1276.1,1385.1,998.2,1370.3,1308.8,1331.3,1022.6,1232.1,1292.2,1094.4,1345.2,1267,1219,1359.6,1490.1,1040.9,1553,1583.8,1463,1480.6,929.8
202011,monthly,average_daily_wage_hkd,1088.8,1766.5,2234.7,1191.1,967,1211.6,1814,1807.2,1212.8,2364.1,1728.2,1251.9,1282.1,1403,1005.6,1344.2,1294.9,1319,1019.8,1314.4,1218.8,1100.9,1339.6,1292,1218,1354.1,1498.3,1040.5,1546.5,1641.6,1479,1497.6,933.4
202012,monthly,average_daily_wage_hkd,1074.3,1795.4,2217,1254.6,986.8,1158.8,1761.6,1837,1208.1,2329.7,1744.6,1239.6,1252.5,1389.9,993.7,1481.8,1313.6,1310.9,997.5,1188.8,1053.9,1061.4,1347.5,1281.7,1223.8,1372.5,1499.9,1040.2,1529.8,1543.2,1470.1,1511.2,931.8
202101,monthly,average_daily_wage_hkd,1043.1,1715.9,2220.2,1313.5,1007.4,1103.8,1773.6,1787.6,1207.1,2312.9,1692.5,1244.2,1249.4,1397.5,1002.3,1466.6,1316.3,1320.9,990.8,1216.5,1133.8,1081.8,1345.3,1293.8,1218,1381.2,1505.3,1090.3,1517.5,1574.7,1534.2,1498.3,932.7
202102,monthly,average_daily_wage_hkd,1070.7,1716.3,2217.1,1300,993.2,1151.7,1767,1742.2,1195.9,2175.5,1744.1,1233.9,1264.8,1397.2,995.4,1488.8,1294.3,1312.1,980,1224.9,1029,1066.3,1344.4,1296,1213.4,1390.6,1504.4,1065.6,1482.7,1655.4,1457.5,1547.7,931.3
202103,monthly,average_daily_wage_hkd,1055.6,1724.5,2222.9,1309.6,995.5,1197.3,1779.1,1758.5,1188.5,2292.8,1756.4,1221,1241,1404.4,1006.7,1459.4,1282.2,1320,986.9,1113.3,1071.9,1058,1352.1,1301.2,1212.6,1397.2,1494.7,1142.2,1490.9,1707.7,1486.6,1505.4,921.6
202104,monthly,average_daily_wage_hkd,1060.5,1760.6,2209.9,1335.9,996.5,1100,1789.8,1725.4,1160.6,2337.1,1792,1246.1,1229.3,1402.1,1010.5,1419.6,1296.3,1342.8,988.6,1272,942.9,1046.4,1335.3,1321.6,1202.3,1411.5,1494.4,1181,1477.6,1693,1469.5,1475.5,910.6
202105,monthly,average_daily_wage_hkd,1104.9,1754,2223.4,1368.5,998,1296.3,1787.1,1748.1,1173.8,2423.7,1775.4,1235.8,1228.3,1398.6,1014,1421.7,1298.9,1356.8,975.1,1241.2,1040,1047.7,1334.9,1307.3,1209.1,1413.8,1484.5,1151.9,1448.3,1678.5,1439.5,1502.2,910.9
202106,monthly,average_daily_wage_hkd,1118.2,1779.4,2237.5,1355.2,1010.7,1236.2,1804,1759,1183.3,2337.6,1775.2,1233.7,1233.7,1396.3,1018.6,1415.5,1315.7,1358.7,987.3,1215.4,1081.1,1037.6,1351.9,1316.2,1216.8,1416.2,1488.3,1183.3,1438.1,1660.9,1386.5,1494.7,910.1
202107,monthly,average_daily_wage_hkd,1101,1804.6,2215.8,1358.1,1010.5,1192.9,1800.3,1734.9,1165.2,2349.9,1788.5,1235.1,1231.4,1415.5,1016.9,1373.8,1310.6,1357.1,977.3,1237.1,1088.9,1051,1341.8,1314.4,1258.3,1390.3,1495.7,1186.8,1428.2,1770.7,1438.2,1469.6,916
202108,monthly,average_daily_wage_hkd,1123.3,1794.6,2193.3,1323.5,1019.1,1142.9,1796.9,1731.2,1172.8,2422.9,1761,1237.8,1239.8,1416.8,1008.4,1397.9,1331.5,1348.4,983.6,1270.9,1072.7,1089,1326.5,1312.4,1254.2,1409.4,1501.7,1176.1,1411.3,1744,1328.1,1519.5,923.4
202109,monthly,average_daily_wage_hkd,1132.6,1817.8,2175.6,1279.9,1046.7,1000,1815.9,1736.7,1189,2388.4,1754.7,1234.5,1249.8,1425.9,1019,1401.4,1336.8,1353.6,993.9,1256.3,1100,1047.2,1347.8,1356,1263.6,1423.6,1526.9,1170.7,1420.5,1765,1114.3,1521.1,933.8
202110,monthly,average_daily_wage_hkd,1129.2,1827.1,2204.3,1256.6,1046.8,1180,1826.4,1731.6,1186.6,2384.9,1762.8,1230.9,1247.2,1435.6,1023.8,1429.5,1346.8,1352,1008.6,1308.5,1023.5,1072.6,1356.4,1344.4,1258.1,1403.2,1530.3,1158.8,1415.6,1741.3,1118,1548.3,924.5
202111,monthly,average_daily_wage_hkd,1114.2,1878.6,2210,1288.1,1038.7,1225,1833.9,1754.7,1183.5,2458.8,1754,1228.1,1243.6,1440.4,1026.3,1455,1365.5,1353.1,978.1,1331.8,2025,1059.1,1347,1326.3,1270.3,1392.5,1528.4,1168.9,1432.1,1728.8,1293.9,1522.2,924.1
202112,monthly,average_daily_wage_hkd,1114.4,1871.9,2235,1270.3,1002,1601.1,1876.6,1772.2,1182.9,2540.4,1779.5,1237.9,1225.2,1439.3,1032.6,1406.9,1359.4,1379.4,963.9,1386.9,900,1039.5,1371.4,1327.2,1275,1402.1,1516.7,1162.3,1433.9,1749.1,1105,1528.2,935.2
202201,monthly,average_daily_wage_hkd,1140.8,1825.3,2246.2,1294.3,989,1679.2,1866.1,1791.6,1200,2468.6,1730.1,1231.7,1207.4,1434.2,1033.2,1453.1,1345.5,1372.3,992.8,1260.4,1240,1034.6,1384.1,1317.8,1272,1420,1512.1,1160.3,1411.9,1712.1,1186,1488.9,944
202202,monthly,average_daily_wage_hkd,1115.4,1836.6,2223.6,1424.6,1007.4,1490.8,1876.4,1702.6,1227.3,2481.2,1731.3,1231.3,1193.9,1433,1018.5,1466.4,1348.5,1386.9,1041.7,1314.5,1066.7,1030.2,1364.9,1307.4,1281.8,1431.6,1485.1,1158.6,1414.6,1739.3,1237.1,1472.1,944.2
202203,monthly,average_daily_wage_hkd,1089.3,1762.7,2220.1,1327.4,990.1,1132.6,1855.6,1740.3,1233,2386.6,1705.4,1233.3,1215.1,1423.6,1019.2,1586.8,1367.6,1357.6,1033.6,1289.6,1085,1040.3,1353.4,1303.2,1277.2,1421.8,1508.4,1170.7,1391.8,1769.4,966.1,1463,957.1
202204,monthly,average_daily_wage_hkd,1083.1,1815,2212,1318.8,1048.2,1209.1,1862.1,1746.6,1221.3,2732.9,1720.2,1239.8,1242.3,1447.3,1024.9,1496.9,1346.8,1326,1056.3,1387.6,1328.6,1055.8,1366.2,1286.3,1277.4,1395.7,1443.1,1163.2,1386.2,1746.9,1067.4,1473.3,955.1
202205,monthly,average_daily_wage_hkd,1087.6,1747.2,2225.4,1369.9,1137.6,1482.8,1880.3,1775.1,1224.8,2305.9,1747.1,1233.9,1238.6,1447.1,1026.1,1429.1,1364.9,1351.3,1014.6,1404,1454.8,1043.5,1393.6,1288.4,1277.1,1416.8,1446,1151.6,1386.7,1713.9,1362.7,1517.9,945.7
202206,monthly,average_daily_wage_hkd,1036.8,1720.8,2179.8,1325,1166.8,1387.6,1869.9,1765.2,1216.3,2326.4,1765.2,1228,1217.3,1450.8,1027.1,1530.7,1358.6,1346.6,1005.9,1355.9,1348.9,1058.1,1428.1,1278.3,1283.1,1447.2,1441.9,1125.3,1410.6,1709.6,918.8,1504.2,956.3
202207,monthly,average_daily_wage_hkd,1050.2,1707.6,2214.1,1332.1,1163,1445.7,1867.8,1754.8,1216.4,2329.9,1744.7,1253,1278.8,1464.8,1030.7,1478.2,1340.3,1356.1,992.5,1363.9,1202.3,1049.9,1396.2,1276.4,1290.6,1453.7,1445.6,1158.7,1403.6,1708.5,880,1567.6,962.4
202208,monthly,average_daily_wage_hkd,1027.9,1716,2227.5,1303.1,1168.1,1317.9,1873.1,1765.1,1189.6,2295.6,1679.2,1265.4,1278,1458.1,1024.7,1403.3,1312.7,1358.5,991.1,1377.4,1130.8,1049.6,1353.2,1249.3,1279.9,1458.1,1423.5,1151.3,1396.7,1731.8,1013,1519.7,961.5
202209,monthly,average_daily_wage_hkd,1004.1,1705.9,2233.5,1346.5,1160.5,1275.5,1884.4,1755,1198.7,2305.7,1667.8,1275.6,1270.3,1467.9,1029.7,1389.9,1316.9,1357.2,1007.2,1188.7,1155.6,1067.2,1346.6,1231.2,1287.4,1450.9,1412.9,1159.5,1428.6,1753.3,1013,1501.1,967.4
202210,monthly,average_daily_wage_hkd,1016.9,1727.5,2213.9,1391.9,1188.7,1151,1889.3,1752.3,1183.4,2333.8,1660.2,1279.4,1274.4,1456.4,1031.5,1381.1,1306.5,1348,1029.1,1203.6,1025,1087.7,1352.9,1218.2,1280.6,1405.1,1424.3,1155.3,1421.4,1822.7,1013,1477.6,975
202211,monthly,average_daily_wage_hkd,990,1717.2,2235.2,1427.2,1187.6,1171.9,1875.7,1742.2,1211.8,2380.5,1610.9,1293.3,1295.1,1467.8,1038.3,1392.2,1317.7,1348.9,1028.2,1288.7,1263.2,1063.8,1355.9,1205.2,1290.4,1397.3,1418.2,1172.7,1423.5,1832.4,1013,1504.4,968.9
202212,monthly,average_daily_wage_hkd,1111.7,1635.3,2236.3,1385.6,1188.2,1182.7,1894.2,1753.7,1214.7,2304.8,1621.7,1298.6,1294.3,1472.3,1035.9,1366.6,1325.4,1354.7,1020.4,1312.3,1000,1054,1365.3,1212.2,1297.8,1403.3,1413.7,1177.3,1409.9,1812.3,1013,1513.8,948.4
202301,monthly,average_daily_wage_hkd,1028,1675.7,2209,1356.8,1157.8,1207.7,1882.9,1700.9,1220.5,2326.7,1633.3,1297.9,1295.3,1474.3,1020.1,1423.8,1303.8,1334.5,1041.5,1358.4,1000,1056.2,1361.7,1226.4,1283.8,1419,1410.2,1171,1393.8,1855.6,1500,1554.7,938.5
202302,monthly,average_daily_wage_hkd,1061.4,1663.4,2193.7,1373.3,1108,1110,1894.3,1709.1,1254.3,2349.3,1643,1312.7,1299,1474.5,1047.3,1432.7,1312.2,1363.1,1015.5,1328.7,800,1072.5,1376,1230.4,1285,1427.6,1425.6,1193.3,1429.3,1894.1,1500,1582.8,952.8
202303,monthly,average_daily_wage_hkd,1111.1,1608.7,2200,1428.2,1117.4,1180.9,1888.5,1726.6,1251.2,2316.4,1655.7,1308.1,1300.9,1480.8,1043.8,1433.5,1293,1352.8,976.5,1348.9,1075,1088.6,1354.9,1240.2,1294.1,1417.2,1436.8,1199.5,1437.5,1783.7,1500,1576.4,941.4
202304,monthly,average_daily_wage_hkd,1201.5,1603.6,2203.7,1384,1118.4,1200.6,1865.7,1723.3,1255.6,2519.1,1650.3,1303.5,1331.3,1483.6,1045.8,1408.2,1292.9,1358.6,1014.1,1341.3,1577.8,1086,1360.2,1265,1298,1396.3,1437.2,1181.8,1395.2,1893.9,1465.5,1528.9,936.1
202305,monthly,average_daily_wage_hkd,1214.3,1553,2217.4,1393.8,1092.3,1151.6,1863.6,1748.1,1251.7,2608.4,1658.3,1308,1317,1482.5,1053.3,1414.7,1305.4,1366.4,981.3,1373.7,1569.2,1084.9,1376.6,1272.2,1298.3,1403,1445.8,1192.8,1411.3,1993.9,1500,1557.2,938.1
202306,monthly,average_daily_wage_hkd,1210.5,1571.3,2221.2,1341.4,1105,1150,1860.3,1765.6,1251.5,2404.3,1651.9,1299.5,1319.6,1497.8,1055,1407.2,1317.2,1346.1,998.9,1325.6,1000,1090.9,1356.6,1274.5,1298.4,1376,1444.5,1197.5,1414.8,1927,1500,1592.4,940.3
202307,monthly,average_daily_wage_hkd,1205.6,1568.8,2234.2,1337.2,1090.5,1152.1,1864.2,1742.4,1247.1,2476.7,1634.3,1304.9,1309.1,1490.1,1056.8,1396.1,1316.4,1341.1,984.8,1361.6,1000,1078.9,1353.4,1279.3,1302.6,1363,1445.1,1202.1,1412.9,1934.8,1463.3,1579.5,939.8
202308,monthly,average_daily_wage_hkd,1206.5,1596.1,2228,1299.5,1093.4,1191.7,1846.9,1759.8,1251.5,2475.9,1636.2,1313.5,1302.7,1496.9,1068.2,1396,1318.4,1342,993.1,1404.1,1840,1087.4,1358.9,1272.7,1297.9,1379.9,1442.9,1233.3,1459.5,1924.2,1440,1573.3,936.9
202309,monthly,average_daily_wage_hkd,1191.8,1637.2,2252.7,1350.1,1092.7,1177.6,1861.3,1752.2,1244.5,2548.8,1654.3,1315.3,1299.4,1487.3,1079.3,1422.5,1348.7,1340.1,1001.1,1314.7,1400,1084.9,1372.1,1282.9,1309.1,1400.4,1461.3,1233.9,1458.4,1859.2,1380,1583.6,937.8
202310,monthly,average_daily_wage_hkd,1181.9,1654.4,2246,1325.2,1092.9,1395.9,1849.5,1778.8,1252.8,2464.4,1667,1312,1299.6,1496.8,1086,1433.4,1350.5,1326.9,985.6,1275.4,1644.3,1083.9,1368.8,1283.3,1316.4,1400.3,1440.3,1217,1494.8,1892.7,1380,1588.2,939.8
202311,monthly,average_daily_wage_hkd,1188.7,1638.1,2234.8,1348,1092,1376.2,1857.1,1823.2,1261.7,2622.7,1676.9,1322.1,1309.3,1516.1,1092.5,1378.1,1339,1329.3,992,1408.8,1559.3,1083.6,1391.5,1306.6,1321.4,1404.3,1462.3,1229,1530.1,1933.8,1380,1572,952.7
202312,monthly,average_daily_wage_hkd,1199.1,1629.3,2232.3,1317.6,1092.6,1425.5,1862.9,1834.9,1256.1,3668.5,1687.5,1315.9,1313.2,1529.7,1098.1,1422.9,1317.8,1347.1,1020.6,1229.1,1000,1086.1,1402.4,1319.7,1331.2,1418.5,1471.1,1228.6,1509.8,1994.4,1400,1605.1,948.7
202401,monthly,average_daily_wage_hkd,1194.1,1621.2,2250,1245.9,1096.1,1358.1,1846.5,1841.1,1264.4,3587.2,1702.1,1314.1,1321.9,1529.7,1106.6,1368.2,1317.7,1347.2,1026.9,1259.2,1644.7,1093,1389,1318.7,1350.6,1410.4,1462.4,1235.6,1507.8,1919.3,1395.7,1578.7,952.9
202402,monthly,average_daily_wage_hkd,1194.6,1587,2254.9,1256.1,1099.3,1457.1,1831.1,1820.1,1273.9,3339.6,1714.4,1311.4,1293.8,1536.2,1102.4,1352.4,1306.9,1358.3,1042.2,1244.2,1470.9,1063.4,1389.7,1319.9,1353.4,1439.9,1464,1202.6,1475.7,1898.5,1400,1577.5,948.5
202403,monthly,average_daily_wage_hkd,1219.3,1613.8,2242.6,1296.3,1095.5,1367.3,1845.9,1862.2,1287.4,3825.2,1712.6,1319.2,1305,1558.4,1119.9,1272.1,1330.4,1340.3,1019.5,1248,1433.3,1107.1,1411.1,1332.6,1361.8,1440.1,1463.8,1233.5,1462.8,1864.9,1400,1568.3,956.7
202404,monthly,average_daily_wage_hkd,1198.5,1634.3,2261.2,1277,1137.3,1508.5,1843.1,1895.9,1302.7,2546.6,1720.5,1319,1283.3,1572.2,1124.6,1305.6,1341.2,1338.9,1013.4,1352.1,1000,1131.9,1412.4,1336.6,1360.5,1450.9,1459.4,1230.6,1463.5,1749.1,1400,1610.4,949.9
202405,monthly,average_daily_wage_hkd,1209.9,1615.6,2280.2,1277.1,1091.7,1388,1857.5,1910.6,1311.5,2515.5,1711.1,1317.5,1320.2,1577.1,1130.7,1418.8,1342,1340,1001.3,1420.1,1000,1145,1412,1339.8,1360.4,1436.7,1469,1239.7,1489.4,1698.8,1380,1631.8,946.1
202406,monthly,average_daily_wage_hkd,1225.5,1624.8,2334.3,1238.6,1099.8,1538.2,1885.3,1899,1321.1,2518.8,1686.5,1329.8,1321.9,1571.5,1137.3,1375.6,1336.9,1359.1,1042.8,1406.5,1000,1142.9,1401.3,1360.6,1366.1,1422,1468.9,1233.4,1504.5,1941.3,1481.6,1633.7,945.3
202407,monthly,average_daily_wage_hkd,1256.4,1687.6,2343.3,1264.7,1093,1377.6,1885.8,1893.3,1320.7,2516.6,1702.9,1338.4,1319.6,1559.8,1148.4,1394.3,1348.6,1358.5,1021.7,1477.8,1000,1164.1,1404.3,1368.6,1371.2,1371.2,1481.4,1223.3,1506.6,1870.4,1484.5,1624.6,974.5
202408,monthly,average_daily_wage_hkd,1268.2,1630.8,2347,1297.9,1102.8,1410.6,1898.5,1911.3,1320.1,2664,1698.3,1345.2,1304.3,1572.8,1155.9,1483.6,1352,1372.5,1025.3,1448.3,1000,1191,1415.2,1379.4,1367.7,1396.9,1481.4,1216.2,1502.7,1869.6,1542.1,1616.1,991.6
202409,monthly,average_daily_wage_hkd,1269.9,1668.2,2354,1265.4,1106.5,1426.2,1930.3,1892.3,1326,2660.2,1722.3,1339.6,1323.8,1572.7,1161.8,1499.3,1352.9,1404.4,995.5,1348.1,1026.8,1166.5,1423.4,1391.7,1372.8,1413.1,1492.3,1219.2,1522.7,1881.8,1588.7,1622.8,977.4
202410,monthly,average_daily_wage_hkd,1245.9,1696.6,2361.8,1204.8,1122.9,1354,1952.2,1910.3,1326.7,2665.5,1725.9,1343.1,1325.5,1593.5,1171,1462,1364.8,1413.8,965,1320.4,1000,1181.8,1462.1,1397,1392.6,1417.7,1522.3,1223.6,1526.6,1906.4,1474.2,1638.3,989.2
202411,monthly,average_daily_wage_hkd,1258.8,1704.4,2363.1,1250.2,1117.3,1379.9,2015.4,1922.3,1330,2597.6,1739,1354,1344.1,1600.7,1181.1,1420.2,1369,1422.9,997.4,1302.9,1000,1196.7,1478.9,1395.3,1401.5,1428.2,1541.6,1233.3,1548.4,1884.3,1530.7,1613.1,1009.8
202412,monthly,average_daily_wage_hkd,1241.2,1685.4,2366.2,1270.5,1113,1392.8,2020.7,1936.6,1328.8,2550.1,1739.2,1372.5,1352.1,1614.6,1187.9,1456.1,1361.8,1428.2,1029.1,1285.3,1632,1185.4,1518.7,1401.2,1403.6,1457.2,1554.9,1247.9,1542,1927.2,1521.6,1593.2,1004.2
202501,monthly,average_daily_wage_hkd,1222.8,1682.2,2365.4,1231.3,1102.5,1348.1,2019.4,1941.6,1335.6,2725.3,1767.2,1357,1345.2,1603.7,1187,1411.7,1378.7,1424.4,1053.5,1370.2,1105.3,1189.5,1460.2,1410.2,1403.1,1454.6,1551.6,1219.8,1513.4,2013.5,1497.4,1604,999.8
202502,monthly,average_daily_wage_hkd,1229.9,1729.6,2336,1120.6,1056.9,1350,2020.4,1969.4,1336.6,2971.2,1785.1,1375.7,1342.6,1597,1180.2,1488.9,1372,1444.3,1068.3,1304.2,1000,1167.5,1439.9,1403,1402.5,1428.7,1558.7,1239,1536.1,2026.3,1545.5,1608.5,1019.5
202503,monthly,average_daily_wage_hkd,1218.5,1749.5,2346.6,1208.2,1059.6,1374.9,2004.2,1955.4,1353,2944.2,1771.3,1397.3,1328.4,1607.1,1193.3,1506.9,1382.6,1456.8,1089,1358.4,1260,1182.5,1477.3,1405,1404.2,1446.7,1576.8,1252.6,1581.6,1989,1526.6,1597.6,1001.8
202504,monthly,average_daily_wage_hkd,1227.9,1729.4,2350.9,1218.2,1073.5,1346.9,2007.8,1996.7,1319.3,2597.5,1745,1386.7,1256.5,1626.9,1196,1481.5,1395.6,1478.8,1074.1,1370.7,1000,1181.4,1486.3,1398.9,1402.2,1441.1,1582.6,1295,1538.7,1975.3,1503.8,1613,974.7
202505,monthly,average_daily_wage_hkd,1233.2,1717.1,2359,1251.8,1057.6,1406,2005.3,2014.1,1294.7,3056.9,1735.2,1400,1319,1621.8,1202.7,1481.8,1390.5,1443.9,1069.4,1360.4,1000,1162,1487,1399.2,1401.1,1439.7,1581.8,1293,1526.7,2013.7,1433.3,1583.6,991.2
202506,monthly,average_daily_wage_hkd,1252,1683.1,2358.3,1306.9,1071.5,1430.3,2001.9,2020.7,1305.3,2629.5,1761.5,1394.1,1305.5,1610.7,1206,1559.2,1386.2,1438.3,1065.9,1392.5,1000,1176.6,1507.8,1406.8,1405.4,1476.8,1573.5,1263,1521.1,1979.2,1369,1577.9,1008.8
202507,monthly,average_daily_wage_hkd,1249.1,1721,2334,1307,1108.5,1435.7,2002.1,1985.4,1315.2,2670.5,1756.4,1404.8,1307.6,1600.8,1201.8,1544,1378.9,1453.6,1032.6,1303.5,1247.1,1186.1,1535.5,1440.4,1409.3,1463.2,1569.6,1294.4,1520,1952.3,1400,1592.2,1005.3
202508,monthly,average_daily_wage_hkd,1241.8,1701.9,2326.8,1313.6,1128.7,1438.6,1987.2,1983.1,1318.9,2647.5,1796.4,1429,1310.1,1601,1207,1535.8,1358.7,1456.8,1047.6,1256.9,1466.7,1193.8,1540.6,1443.1,1405.5,1468,1580,1292,1519.7,1910.3,1400,1598.9,1006.3
202509,monthly,average_daily_wage_hkd,1209.6,1662.3,2310.3,1243.8,1111.4,1327.9,1979.2,1930,1309.6,2688.4,1809.4,1421.8,1312.5,1599.6,1209.5,1491.9,1353,1463.7,1042.2,1265.9,1128.6,1190.2,1512.7,1429.4,1415.7,1473.8,1575.7,1254.7,1480.8,1848,1400,1626.4,1008.1
202510,monthly,average_daily_wage_hkd,1255,1687.8,2298.3,1209.3,1112.8,1577.1,1931.1,1905.9,1306.3,2971.9,1810.1,1417,1302.9,1601.8,1216.2,1516,1344.5,1466.1,1056.1,1257.6,1228.8,1184,1511.8,1431,1420.4,1455.8,1566.1,1192.1,1469.4,1914.5,1400,1597.5,998.8
202511,monthly,average_daily_wage_hkd,1222.7,1681.4,2287.9,1225.9,1131.3,1613.5,1899.8,1903.7,1321.7,2728.8,1781.5,1429.8,1295.4,1607.8,1208.3,1547.9,1339.7,1449.7,1037.3,1281.5,1268.6,1220.4,1506.8,1420,1420.8,1457.3,1542.4,1225.7,1476.4,1924,1400,1623.7,995.4
202512,monthly,average_daily_wage_hkd,1216.9,1632.2,2278.6,1228.2,1168.8,1515.8,1900.7,1925.8,1351.9,2707.5,1764.6,1415.1,1329,1612,1199.4,1411.8,1355.9,1445.5,1037.6,1445.2,1362.1,1210.6,1487.2,1386.9,1420.8,1464.6,1539.8,1225.9,1457.1,1862.6,1400,1652,974.9
202601,monthly,average_daily_wage_hkd,1228,1587,2286.8,1235.9,1122.8,1736.5,1917,1923.1,1380,2539.2,1755.1,1404.9,1329.2,1607.3,1206.1,1491.1,1354,1443.3,1040.3,1435.5,1000,1187.1,1479.9,1372.6,1419.8,1448.8,1525.1,1205.1,1462.9,1836,1400,1676.1,981.2
202602,monthly,average_daily_wage_hkd,1231.2,1541.6,2293.2,1270.5,1066.1,1711.3,1922.5,1907.4,1360.8,2712,1768.6,1394.6,1263.8,1607.4,1197.3,1483.9,1363.6,1459.4,1054.1,1107.5,1000,1179,1470,1367.9,1417.6,1466.9,1507.8,1179.7,1462.6,1787.2,1400,1685.7,979.7
202603,monthly,average_daily_wage_hkd,1240,1532.9,2303.7,1200.8,1064.5,1642.5,1939.9,1934.3,1351.5,3075.7,1752.2,1413.8,1321.5,1608.6,1214.8,1434.5,1366.1,1458.8,1046.9,1308,1187.5,1169.5,1476.7,1358.7,1420.4,1442,1519.5,1230.2,1480.9,1937.8,1400,1695.3,990.6
202604,monthly,average_daily_wage_hkd,1220.4,1572,2326.4,1190.2,1108,1693.6,1936.6,1936.9,1391.2,2921.1,1747.7,1406.1,1323.1,1607.7,1214.7,1401.9,1359.6,1473.2,1046.6,1383.8,1000,1121,1470.3,1342.9,1420,1391.6,1531,1248.5,1488.4,1967.1,1400,1716.9,997.7
202605,monthly,average_daily_wage_hkd,1229.8,1517.1,2347.8,1180.1,1106.5,1660.3,1961.1,1943.8,1376,2820.7,1749.8,1414.7,1317.6,1613.6,1218.6,1444.4,1353.2,1474.9,1059.8,1384.3,1000,1128.6,1478.8,1343.5,1421.2,1383.6,1536.5,1251.1,1480.5,1907.4,1400,1744.4,996.4
