no.,source,tender_ref,contractor_name,contract_value,currency,award_date,url
1,archsd,SSL513,Chun Wo Elegant JV,389647500.0,HKD,2023-01-03,https://www.archsd.gov.hk/en/tenders-notices/works/contracts-awarded-in-the-past-three-months.html
2,archsd,SSL518,Sunnic Engineering Limited,275513000.0,HKD,2023-01-06,https://www.archsd.gov.hk/en/tenders-notices/works/contracts-awarded-in-the-past-three-months.html
3,archsd,SSL511,Build King Construction Limited,429499000.0,HKD,2023-01-13,https://www.archsd.gov.hk/en/tenders-notices/works/contracts-awarded-in-the-past-three-months.html
4,archsd,SSL510,Hop Lee Builders Company Limited,408658500.0,HKD,2023-01-16,https://www.archsd.gov.hk/en/tenders-notices/works/contracts-awarded-in-the-past-three-months.html
5,archsd,TCL720,Shui On Building Contractors Limited,569920000.0,HKD,2023-02-10,https://www.archsd.gov.hk/en/tenders-notices/works/contracts-awarded-in-the-past-three-months.html
6,archsd,RFL811,Shun Yip Construction Company Limited,11591365.0,HKD,2023-04-17,https://www.archsd.gov.hk/en/tenders-notices/works/contracts-awarded-in-the-past-three-months.html
7,archsd,SSJ506,Shui On Construction Company Limited,1934600000.0,HKD,2023-04-19,https://www.archsd.gov.hk/en/tenders-notices/works/contracts-awarded-in-the-past-three-months.html
8,archsd,SSL516,Wise Trend Engineering Limited,91180000.0,HKD,2023-05-31,https://www.archsd.gov.hk/en/tenders-notices/works/contracts-awarded-in-the-past-three-months.html
9,archsd,TCL519,Wecon Limited,535751500.0,HKD,2023-06-02,https://www.archsd.gov.hk/en/tenders-notices/works/contracts-awarded-in-the-past-three-months.html
10,archsd,NSC to SSL516,Meco Engineering Limited,20500000.0,HKD,2023-06-02,https://www.archsd.gov.hk/en/tenders-notices/works/contracts-awarded-in-the-past-three-months.html
11,archsd,RFL802,Gold Banner Construction and Development Limited,9991086.0,HKD,2023-06-07,https://www.archsd.gov.hk/en/tenders-notices/works/contracts-awarded-in-the-past-three-months.html
12,archsd,RFL806,Creative Concept Construction Company Limited,15447000.0,HKD,2023-06-16,https://www.archsd.gov.hk/en/tenders-notices/works/contracts-awarded-in-the-past-three-months.html
13,archsd,RFL807,Maylon Construction Company Limited,11879440.0,HKD,2023-06-20,https://www.archsd.gov.hk/en/tenders-notices/works/contracts-awarded-in-the-past-three-months.html
14,archsd,SSL505,Wanson Construction Company Limited,366002752.0,HKD,2023-06-27,https://www.archsd.gov.hk/en/tenders-notices/works/contracts-awarded-in-the-past-three-months.html
15,archsd,SSL517,Shui On Construction Company Limited,730800000.0,HKD,2023-07-10,https://www.archsd.gov.hk/en/tenders-notices/works/contracts-awarded-in-the-past-three-months.html
16,archsd,SSL509,Build King - ABLE Joint Venture,4471400000.0,HKD,2023-07-14,https://www.archsd.gov.hk/en/tenders-notices/works/contracts-awarded-in-the-past-three-months.html
17,archsd,SSM507,Wah Tat Construction Company,217180395.5,HKD,2023-07-20,https://www.archsd.gov.hk/en/tenders-notices/works/contracts-awarded-in-the-past-three-months.html
18,archsd,SSM503,Dragages Hong Kong Limited,1838888888.0,HKD,2023-07-25,https://www.archsd.gov.hk/en/tenders-notices/works/contracts-awarded-in-the-past-three-months.html
19,archsd,SSM512,Techoy Construction Company Limited,695606000.0,HKD,2023-07-31,https://www.archsd.gov.hk/en/tenders-notices/works/contracts-awarded-in-the-past-three-months.html
20,archsd,TCM938,Cheung Hing Construction Company Limited,484400000.0,HKD,2023-09-04,https://www.archsd.gov.hk/en/tenders-notices/works/contracts-awarded-in-the-past-three-months.html
21,archsd,TCM971,Shui On Building Contractors Limited,811420000.0,HKD,2023-09-07,https://www.archsd.gov.hk/en/tenders-notices/works/contracts-awarded-in-the-past-three-months.html
22,archsd,RFM803,Union Contractors Limited,13694693.5,HKD,2023-10-17,https://www.archsd.gov.hk/en/tenders-notices/works/contracts-awarded-in-the-past-three-months.html
23,archsd,RFM808,Wah Tat Construction Company,14499260.0,HKD,2023-10-31,https://www.archsd.gov.hk/en/tenders-notices/works/contracts-awarded-in-the-past-three-months.html
24,archsd,RFK820,K-Peak Company Limited,16689973.0,HKD,2023-11-02,https://www.archsd.gov.hk/en/tenders-notices/works/contracts-awarded-in-the-past-three-months.html
25,archsd,SSM502,Shui On Construction Company Limited,1110440000.0,HKD,2023-11-27,https://www.archsd.gov.hk/en/tenders-notices/works/contracts-awarded-in-the-past-three-months.html
26,archsd,SSM519,China State Construction Engineering (Hong Kong) Limited,6280000000.0,HKD,2023-11-28,https://www.archsd.gov.hk/en/tenders-notices/works/contracts-awarded-in-the-past-three-months.html
27,archsd,SSM518,Chevalier - China Railway Joint Venture,3977600000.0,HKD,2023-11-28,https://www.archsd.gov.hk/en/tenders-notices/works/contracts-awarded-in-the-past-three-months.html
28,archsd,RFL804,Maylon Construction Company Limited,8280000.0,HKD,2024-01-16,https://www.archsd.gov.hk/en/tenders-notices/works/contracts-awarded-in-the-past-three-months.html
29,archsd,RFM812,Tak Cheong Construction Company Limited,6488660.0,HKD,2024-01-30,https://www.archsd.gov.hk/en/tenders-notices/works/contracts-awarded-in-the-past-three-months.html
30,archsd,SSK508,Shui On Construction Company Limited,3907550000.0,HKD,2024-02-09,https://www.archsd.gov.hk/en/tenders-notices/works/contracts-awarded-in-the-past-three-months.html
31,archsd,TCM516,Shui On Building Contractors Limited,982187050.0,HKD,2024-02-15,https://www.archsd.gov.hk/en/tenders-notices/works/contracts-awarded-in-the-past-three-months.html
32,archsd,SSM521,Able - Chun Wo Joint Venture,3197760000.0,HKD,2024-03-01,https://www.archsd.gov.hk/en/tenders-notices/works/contracts-awarded-in-the-past-three-months.html
33,archsd,TCM931,Cheung Hing - Maylon Joint Venture,878653088.0,HKD,2024-03-01,https://www.archsd.gov.hk/en/tenders-notices/works/contracts-awarded-in-the-past-three-months.html
34,archsd,TCM932,Fook Lee - Union Joint Venture,752502784.0,HKD,2024-03-01,https://www.archsd.gov.hk/en/tenders-notices/works/contracts-awarded-in-the-past-three-months.html
35,archsd,TCM941,Chee Cheung Hing & Company Limited,839882696.0,HKD,2024-03-01,https://www.archsd.gov.hk/en/tenders-notices/works/contracts-awarded-in-the-past-three-months.html
36,archsd,TCM942,Fook Lee - Union Joint Venture,699897600.0,HKD,2024-03-01,https://www.archsd.gov.hk/en/tenders-notices/works/contracts-awarded-in-the-past-three-months.html
37,archsd,RFM522,China State Construction Engineering (Hong Kong) Limited,366000000.0,HKD,2024-03-18,https://www.archsd.gov.hk/en/tenders-notices/works/contracts-awarded-in-the-past-three-months.html
38,archsd,SSM520,Able - Chun Wo Joint Venture,2020350000.0,HKD,2024-03-28,https://www.archsd.gov.hk/en/tenders-notices/works/contracts-awarded-in-the-past-three-months.html
39,archsd,SSM508,Woon Lee Construction Company Limited,377746000.0,HKD,2024-04-03,https://www.archsd.gov.hk/en/tenders-notices/works/contracts-awarded-in-the-past-three-months.html
40,archsd,TCN509,Geotechnics & Concrete Engineering (Hong Kong) Limited,56135000.0,HKD,2024-04-22,https://www.archsd.gov.hk/en/tenders-notices/works/contracts-awarded-in-the-past-three-months.html
41,archsd,SSM504,Paul Y. - Able (TKO67) Joint Venture,2890967000.0,HKD,2024-04-29,https://www.archsd.gov.hk/en/tenders-notices/works/contracts-awarded-in-the-past-three-months.html
42,archsd,RFM807,Gold Banner Construction and Development Limited,16237674.0,HKD,2024-05-28,https://www.archsd.gov.hk/en/tenders-notices/works/contracts-awarded-in-the-past-three-months.html
43,archsd,RFM802,Gold Banner Construction and Development Limited,9998129.0,HKD,2024-05-29,https://www.archsd.gov.hk/en/tenders-notices/works/contracts-awarded-in-the-past-three-months.html
44,archsd,TCM719,Yau Lee Construction Company Limited,526085000.0,HKD,2024-06-21,https://www.archsd.gov.hk/en/tenders-notices/works/contracts-awarded-in-the-past-three-months.html
45,archsd,ASD/T/1/2023,China Overseas Property Services Limited,26910734.4,HKD,2024-08-05,https://www.archsd.gov.hk/en/tenders-notices/works/contracts-awarded-in-the-past-three-months.html
46,archsd,RFN510,Woon Lee Construction Company Limited,438181700.0,HKD,2024-08-08,https://www.archsd.gov.hk/en/tenders-notices/works/contracts-awarded-in-the-past-three-months.html
47,archsd,RFM811,Sun Hang Shing Construction & Decoration Company Limited,21194470.0,HKD,2024-08-19,https://www.archsd.gov.hk/en/tenders-notices/works/contracts-awarded-in-the-past-three-months.html
48,archsd,SSM515,Square - Able Joint Venture,2550000000.0,HKD,2024-10-14,https://www.archsd.gov.hk/en/tenders-notices/works/contracts-awarded-in-the-past-three-months.html
49,archsd,SSN516,Yau Lee Construction Company Limited,808284500.0,HKD,2024-10-24,https://www.archsd.gov.hk/en/tenders-notices/works/contracts-awarded-in-the-past-three-months.html
50,archsd,SSN522,China Harbour Engineering Company Limited,609766000.0,HKD,2024-10-29,https://www.archsd.gov.hk/en/tenders-notices/works/contracts-awarded-in-the-past-three-months.html
51,archsd,SSN520,CCSIC Green Tech - Aluhouse Joint Venture,2032905000.0,HKD,2024-10-30,https://www.archsd.gov.hk/en/tenders-notices/works/contracts-awarded-in-the-past-three-months.html
52,archsd,RFM814,Gold Banner Construction and Development Limited,10546491.0,HKD,2024-10-31,https://www.archsd.gov.hk/en/tenders-notices/works/contracts-awarded-in-the-past-three-months.html
53,archsd,RFN805,Gold Banner Construction and Development Limited,16996521.0,HKD,2024-11-12,https://www.archsd.gov.hk/en/tenders-notices/works/contracts-awarded-in-the-past-three-months.html
54,archsd,SSN505,Realty - Lanon JV,726350000.0,HKD,2024-11-26,https://www.archsd.gov.hk/en/tenders-notices/works/contracts-awarded-in-the-past-three-months.html
55,gld,AD200562023,Nuctech Hong Kong Company Limited,13615000.0,HKD,2025-01-09,https://www.gld.gov.hk/datagovhk/procurement/ContractsAwarded_EN.csv
56,archsd,TCN911,Sui Chong - Goldfield Joint Venture,733379690.0,HKD,2025-03-13,https://www.archsd.gov.hk/en/tenders-notices/works/contracts-awarded-in-the-past-three-months.html
57,archsd,TCN922,Cheung Hing - Deson - Maylon Joint Venture,878859142.4,HKD,2025-03-13,https://www.archsd.gov.hk/en/tenders-notices/works/contracts-awarded-in-the-past-three-months.html
58,archsd,TCN951,Sui Chong - Goldfield Joint Venture,687129970.0,HKD,2025-03-13,https://www.archsd.gov.hk/en/tenders-notices/works/contracts-awarded-in-the-past-three-months.html
59,archsd,TCN952,CW-KS-LIDELL JV,834071063.0,HKD,2025-03-13,https://www.archsd.gov.hk/en/tenders-notices/works/contracts-awarded-in-the-past-three-months.html
60,archsd,TCN912,Square Construction Company Limited,981415600.0,HKD,2025-03-19,https://www.archsd.gov.hk/en/tenders-notices/works/contracts-awarded-in-the-past-three-months.html
61,archsd,TCN921,CW-KS-LIDELL JV,671278706.1,HKD,2025-03-19,https://www.archsd.gov.hk/en/tenders-notices/works/contracts-awarded-in-the-past-three-months.html
62,archsd,SSH505,Able - Square Joint Venture,1833992000.0,HKD,2025-03-28,https://www.archsd.gov.hk/en/tenders-notices/works/contracts-awarded-in-the-past-three-months.html
63,gld,A9900432024,Bloomsbury Books Limited,13329000.0,HKD,2025-04-07,https://www.gld.gov.hk/datagovhk/procurement/ContractsAwarded_EN.csv
64,gld,A9900432024,Sweet & Maxwell O/B Thomson Reuters Hong Kong Limited,71609000.0,HKD,2025-04-07,https://www.gld.gov.hk/datagovhk/procurement/ContractsAwarded_EN.csv
65,gld,A9900432024,RELX (Greater China) Limited - LexisNexis,111816000.0,HKD,2025-04-07,https://www.gld.gov.hk/datagovhk/procurement/ContractsAwarded_EN.csv
66,archsd,SSM501,Able - Square Joint Venture,1149880000.0,HKD,2025-04-10,https://www.archsd.gov.hk/en/tenders-notices/works/contracts-awarded-in-the-past-three-months.html
67,gld,AC400202024,Hong Kong Telecommunications (HKT) Limited,14149100.0,HKD,2025-04-11,https://www.gld.gov.hk/datagovhk/procurement/ContractsAwarded_EN.csv
68,gld,A1100052024,"Zhuhai Desail Marine Fishery Technology Co., Ltd.",64600000.0,HKD,2025-05-02,https://www.gld.gov.hk/datagovhk/procurement/ContractsAwarded_EN.csv
69,archsd,SSN518,Treasure Construction Engineering Limited,480121500.0,HKD,2025-05-16,https://www.archsd.gov.hk/en/tenders-notices/works/contracts-awarded-in-the-past-three-months.html
70,archsd,SSN517,Allied Success - Creative Concept Joint Venture,503446000.0,HKD,2025-05-19,https://www.archsd.gov.hk/en/tenders-notices/works/contracts-awarded-in-the-past-three-months.html
71,archsd,SSM510,Lanon - Hop Lee Joint Venture,505550000.0,HKD,2025-05-22,https://www.archsd.gov.hk/en/tenders-notices/works/contracts-awarded-in-the-past-three-months.html
72,archsd,RFM809,Maylon Construction Company Limited,23190000.0,HKD,2025-05-26,https://www.archsd.gov.hk/en/tenders-notices/works/contracts-awarded-in-the-past-three-months.html
73,gld,A2500672023,Hytera Communications Corporation Limited,78569200.0,HKD,2025-05-29,https://www.gld.gov.hk/datagovhk/procurement/ContractsAwarded_EN.csv
74,gld,A0600522024,Johnson Cleaning Services Company Limited,2488800.0,HKD,2025-05-30,https://www.gld.gov.hk/datagovhk/procurement/ContractsAwarded_EN.csv
75,archsd,SSP504,Shui On - Cycle Links (SSP504) Joint Venture,1032275500.0,HKD,2025-06-03,https://www.archsd.gov.hk/en/tenders-notices/works/contracts-awarded-in-the-past-three-months.html
76,archsd,SSN504,Man Kit Construction Company Limited,233233495.46,HKD,2025-06-03,https://www.archsd.gov.hk/en/tenders-notices/works/contracts-awarded-in-the-past-three-months.html
77,gld,A0100172024,Energy Trading Company Limited,15375000.0,HKD,2025-06-24,https://www.gld.gov.hk/datagovhk/procurement/ContractsAwarded_EN.csv
78,gld,A0600952024,C & C Security Printing Company Limited,23490350.0,HKD,2025-06-25,https://www.gld.gov.hk/datagovhk/procurement/ContractsAwarded_EN.csv
79,gld,A0600622024,Wyson Security Services Limited,9102384.0,HKD,2025-06-27,https://www.gld.gov.hk/datagovhk/procurement/ContractsAwarded_EN.csv
80,archsd,REN521,China State Construction Engineering (Hong Kong) Limited,2200000000.0,HKD,2025-07-02,https://www.archsd.gov.hk/en/tenders-notices/works/contracts-awarded-in-the-past-three-months.html
81,archsd,SSP506,Chun Wo Building Construction Limited,460140000.0,HKD,2025-07-17,https://www.archsd.gov.hk/en/tenders-notices/works/contracts-awarded-in-the-past-three-months.html
82,gld,AF900492024,Hong Kong Telecommunications (HKT) Limited,12800000.0,HKD,2025-07-30,https://www.gld.gov.hk/datagovhk/procurement/ContractsAwarded_EN.csv
83,gld,A4101032024,DCH Auriga (Hong Kong) Limited - Healthcare Division,8041500.0,HKD,2025-08-13,https://www.gld.gov.hk/datagovhk/procurement/ContractsAwarded_EN.csv
84,gld,A4101032024,Zuellig Pharma Limited,45047700.0,HKD,2025-08-13,https://www.gld.gov.hk/datagovhk/procurement/ContractsAwarded_EN.csv
85,gld,AF900982023,Siemens Healthcare Limited,34783100.0,HKD,2025-08-15,https://www.gld.gov.hk/datagovhk/procurement/ContractsAwarded_EN.csv
86,gld,AF900212024,Siemens Healthcare Limited,15382200.0,HKD,2025-08-15,https://www.gld.gov.hk/datagovhk/procurement/ContractsAwarded_EN.csv
87,archsd,RFN806,Wah Seng General Contractors Limited,10498000.0,HKD,2025-08-18,https://www.archsd.gov.hk/en/tenders-notices/works/contracts-awarded-in-the-past-three-months.html
88,archsd,TCP972,Cheung Hing - Maylon Joint Venture,1018322800.0,HKD,2025-08-18,https://www.archsd.gov.hk/en/tenders-notices/works/contracts-awarded-in-the-past-three-months.html
89,archsd,RFM804,Pacific Extend Limited,5501790.0,HKD,2025-09-12,https://www.archsd.gov.hk/en/tenders-notices/works/contracts-awarded-in-the-past-three-months.html
90,archsd,TCP929,Shui On Building Contractors Limited,215009956.4,HKD,2025-09-18,https://www.archsd.gov.hk/en/tenders-notices/works/contracts-awarded-in-the-past-three-months.html
91,archsd,TCP928,CWB - KS JV,278000000.0,HKD,2025-09-18,https://www.archsd.gov.hk/en/tenders-notices/works/contracts-awarded-in-the-past-three-months.html
92,gld,A8900532024,Automated Systems (H.K.) Limited,10449568.0,HKD,2025-09-26,https://www.gld.gov.hk/datagovhk/procurement/ContractsAwarded_EN.csv
93,gld,A0600932024,"Leung Kow Kee Transportation Co., Ltd.",30801075.0,HKD,2025-10-17,https://www.gld.gov.hk/datagovhk/procurement/ContractsAwarded_EN.csv
94,gld,A1300802023,CAE-NRIET Consortium,394247731.0,HKD,2025-10-27,https://www.gld.gov.hk/datagovhk/procurement/ContractsAwarded_EN.csv
95,archsd,SSN515,W.Hing-CCECC-SFK Joint Venture,365645000.0,HKD,2025-10-31,https://www.archsd.gov.hk/en/tenders-notices/works/contracts-awarded-in-the-past-three-months.html
96,gld,A3700612024,Automated Systems (H.K.) Limited,4696634.0,HKD,2025-11-06,https://www.gld.gov.hk/datagovhk/procurement/ContractsAwarded_EN.csv
97,gld,A3700612024,Nexify Limited,1993563.0,HKD,2025-11-06,https://www.gld.gov.hk/datagovhk/procurement/ContractsAwarded_EN.csv
98,gld,A3700612024,Hong Kong Telecommunications (HKT) Limited,12251000.0,HKD,2025-11-06,https://www.gld.gov.hk/datagovhk/procurement/ContractsAwarded_EN.csv
99,archsd,NSC to REN521,Chevalier (HK) Limited,26280000.0,HKD,2025-11-10,https://www.archsd.gov.hk/en/tenders-notices/works/contracts-awarded-in-the-past-three-months.html
100,archsd,RFL810,Wah Seng General Contractors Limited,9480000.0,HKD,2025-11-10,https://www.archsd.gov.hk/en/tenders-notices/works/contracts-awarded-in-the-past-three-months.html
101,archsd,NSC to REN521,TK Elevator Hong Kong Limited,7250000.0,HKD,2025-11-18,https://www.archsd.gov.hk/en/tenders-notices/works/contracts-awarded-in-the-past-three-months.html
102,hyd,HY/2025/10,Bachy Soletanche Group Limited,29527000.0,HKD,2025-11-18,https://www.hyd.gov.hk/en/tender_notices/contracts/awarded/index.html
103,gld,AF300542024,A & P Instrument Company Limited,7400000.0,HKD,2025-12-02,https://www.gld.gov.hk/datagovhk/procurement/ContractsAwarded_EN.csv
104,hyd,HY/2025/07,CLPe Solutions Limited,14017000.0,HKD,2025-12-23,https://www.hyd.gov.hk/en/tender_notices/contracts/awarded/index.html
105,gld,A1500582024,Microware Limited,22239120.0,HKD,2025-12-24,https://www.gld.gov.hk/datagovhk/procurement/ContractsAwarded_EN.csv
106,archsd,RFN802,"Lidell Construction Company, Limited",11757800.0,HKD,2025-12-29,https://www.archsd.gov.hk/en/tenders-notices/works/contracts-awarded-in-the-past-three-months.html
107,gld,AF300132025,A & P Instrument Company Limited,8100000.0,HKD,2025-12-29,https://www.gld.gov.hk/datagovhk/procurement/ContractsAwarded_EN.csv
108,hyd,HY/2025/05,Hang Kee Development Company Limited,27160000.0,HKD,2025-12-30,https://www.hyd.gov.hk/en/tender_notices/contracts/awarded/index.html
109,cedd,NL/2023/11,CCC-CCECC-CR11G Joint Venture,792000000.0,HKD,2026-02-16,https://www.cedd.gov.hk/eng/tender-notices/contracts/contracts-awarded/index.html
110,hyd,HY/2024/12,Fong On Construction Limited,130130000.0,HKD,2026-02-20,https://www.hyd.gov.hk/en/tender_notices/contracts/awarded/index.html
111,hyd,04/HY/2025,WCCL - EW Joint Venture,641473000.0,HKD,2026-02-25,https://www.hyd.gov.hk/en/tender_notices/contracts/awarded/index.html
112,hyd,03/HY/2025,SY - HC Joint Venture,780848000.0,HKD,2026-02-26,https://www.hyd.gov.hk/en/tender_notices/contracts/awarded/index.html
113,cedd,ND/2025/01,CRBC - MAYLON Joint Venture,2266910000.0,HKD,2026-02-27,https://www.cedd.gov.hk/eng/tender-notices/contracts/contracts-awarded/index.html
114,hyd,11/HY/2025,Kum Shing Construction Company Limited,290427000.0,HKD,2026-03-10,https://www.hyd.gov.hk/en/tender_notices/contracts/awarded/index.html
115,cedd,GE/2025/12,CM Geotechnics Limited,270640000.0,HKD,2026-03-16,https://www.cedd.gov.hk/eng/tender-notices/contracts/contracts-awarded/index.html
116,cedd,ND/2025/04,Tysan Foundation Limited,27500000.0,HKD,2026-03-25,https://www.cedd.gov.hk/eng/tender-notices/contracts/contracts-awarded/index.html
117,cedd,GE/2025/26,Fugro Geotechnical Services Limited,36540000.0,HKD,2026-03-25,https://www.cedd.gov.hk/eng/tender-notices/contracts/contracts-awarded/index.html
118,cedd,GE/2025/21,Tysan Foundation Limited,32030000.0,HKD,2026-03-30,https://www.cedd.gov.hk/eng/tender-notices/contracts/contracts-awarded/index.html
119,cedd,GE/2025/33,Castco Testing Centre Limited,3380000.0,HKD,2026-03-30,https://www.cedd.gov.hk/eng/tender-notices/contracts/contracts-awarded/index.html
120,hyd,HY/2024/07,Geotechnics & Concrete Engineering (Hong Kong) Limited,6781000.0,HKD,2026-04-02,https://www.hyd.gov.hk/en/tender_notices/contracts/awarded/index.html
121,cedd,CEDD/S/T/7/2025,Keao Limited,7880000.0,HKD,2026-04-08,https://www.cedd.gov.hk/eng/tender-notices/contracts/contracts-awarded/index.html
122,cedd,GE/2025/19,Pan Kee Construction Limited,193170000.0,HKD,2026-04-09,https://www.cedd.gov.hk/eng/tender-notices/contracts/contracts-awarded/index.html
123,hyd,HY/2025/14,Xsun Engineering Limited,28349000.0,HKD,2026-04-29,https://www.hyd.gov.hk/en/tender_notices/contracts/awarded/index.html
124,cedd,NL/2025/09,Richwell Engineering - Wang Kee Civil Joint Venture,634000000.0,HKD,2026-04-29,https://www.cedd.gov.hk/eng/tender-notices/contracts/contracts-awarded/index.html
125,cedd,CEDD/S/T/11/2025,Great Safe Apparatus Limited,1250000.0,HKD,2026-05-08,https://www.cedd.gov.hk/eng/tender-notices/contracts/contracts-awarded/index.html
126,cedd,GE/2025/25,Bachy Soletanche Group Limited,33980000.0,HKD,2026-05-13,https://www.cedd.gov.hk/eng/tender-notices/contracts/contracts-awarded/index.html
127,archsd,TCP720,Yau Lee Construction Company Limited,420896000.0,HKD,2026-05-15,https://www.archsd.gov.hk/en/tenders-notices/works/contracts-awarded-in-the-past-three-months.html
128,cedd,GE/2026/12,A-City Workshop Limited,176970000.0,HKD,2026-05-27,https://www.cedd.gov.hk/eng/tender-notices/contracts/contracts-awarded/index.html
129,hyd,09/HY/2025,Carrier Construction Limited,141630000.0,HKD,2026-06-02,https://www.hyd.gov.hk/en/tender_notices/contracts/awarded/index.html
130,archsd,SSN507,Penta-Ocean Construction Co Ltd,925772000.0,HKD,2026-06-09,https://www.archsd.gov.hk/en/tenders-notices/works/contracts-awarded-in-the-past-three-months.html
131,archsd,TCR973,Cheung Hing - Hung Wan - Maylon Joint Venture,568002100.0,HKD,2026-06-10,https://www.archsd.gov.hk/en/tenders-notices/works/contracts-awarded-in-the-past-three-months.html
132,hyd,HY/2025/06,Grand View – Excel JV,133979999.99999999,HKD,2026-06-10,https://www.hyd.gov.hk/en/tender_notices/contracts/awarded/index.html
133,cedd,YL/2024/03,Tung Lee Civil Engineering Limited,301780000.0,HKD,2026-06-11,https://www.cedd.gov.hk/eng/tender-notices/contracts/contracts-awarded/index.html
134,hyd,HY/2025/12,Mak Hang Kei (Hong Kong) Construction Limited,19800000.0,HKD,2026-06-17,https://www.hyd.gov.hk/en/tender_notices/contracts/awarded/index.html
135,archsd,RFP802,Gold Banner Construction and Development Limited,9095554.0,HKD,2026-06-24,https://www.archsd.gov.hk/en/tenders-notices/works/contracts-awarded-in-the-past-three-months.html
136,hyd,HY/2025/13,Gammon Construction – Build King – Tung Lee Joint Venture,1366490000.0,HKD,2026-06-26,https://www.hyd.gov.hk/en/tender_notices/contracts/awarded/index.html
137,hyd,HY/2024/02,Wing Hing Construction Company Limited,129939000.0,HKD,2026-06-26,https://www.hyd.gov.hk/en/tender_notices/contracts/awarded/index.html
138,cedd,CEDD/S/T/1/2026,Great Safe Apparatus Limited,1988000.0,HKD,2026-07-14,https://www.cedd.gov.hk/eng/tender-notices/contracts/contracts-awarded/index.html
139,cedd,CV/2025/02,CCS Joint Venture,1395150000.0,HKD,2026-07-29,https://www.cedd.gov.hk/eng/tender-notices/contracts/contracts-awarded/index.html
140,cedd,NL/2026/08,Sang Hing – Tapbo Joint Venture,689000000.0,HKD,2026-08-07,https://www.cedd.gov.hk/eng/tender-notices/contracts/contracts-awarded/index.html
