Tender Reference,Particulars,Contractor(s),Amount,Contract Award Date
A0600622024,Provision of security guard services for the Government Logistics Centre of the Government Logistics Department,Wyson Security Services Limited,"HK$9,102,384.00 ",27-Jun-25
AD200782023,Supply of tactical buses to the Electrical and Mechanical Services Trading Fund,Zung Fu Company Limited,"HK$134,621,800.00 F.I.S./Hong Kong",7-Mar-25
A9900062025,Supply of liquid soap to various Government departments,Artec Chemical Company Limited,"HK$5,016,000.00 F.I.S./Hong Kong",6-Oct-25
A7600712024,Supply of sulphate of alumina to the Water Supplies Department,Bai He Long Limited,"HK$101,139,714.54 F.I.S./Hong Kong",24-Oct-25
A0100172024,Supply and installation of town gas water heaters with flue pipes to the Government Property Agency,Energy Trading Company Limited,"HK$15,375,000.00 ",24-Jun-25
A9900802024,Supply of bottled drinking water to various Government departments,"Xin Ding Xin Trade Co., Limited","HK$52,940,000.00 F.I.S./Hong Kong",26-Jun-25
A9900802024,Supply of bottled drinking water to various Government departments,Professional Trade International Limited,"HK$65,494,000.00 F.I.S./Hong Kong",26-Jun-25
A9900802024,Supply of bottled drinking water to various Government departments,AS Watson Group (HK) Limited,"HK$47,623,800.00 F.I.S./Hong Kong",26-Jun-25
A2900462024,Supply of computer software licences to the Judiciary,Innovation Systems Group Limited,"HK$18,223,200.00 F.I.S./Hong Kong",6-Aug-25
A9900312024,Provision of multi-purpose cars (self-drive) for hiring by various Government departments,Fu Team Transport Company Limited,Not applicable,6-Jun-25
A9900312024,Provision of multi-purpose cars (self-drive) for hiring by various Government departments,Dah Chong Hong (Motor Leasing) Limited,Not applicable,6-Jun-25
A9900312024,Provision of multi-purpose cars (self-drive) for hiring by various Government departments,Big Union Motors (Group) Limited,Not applicable,6-Jun-25
A4100682024,Supply of combined adsorbed diphtheria/tetanus/acellular pertussis (reduced dose)/inactivated poliomyelitis vaccines for booster vaccination to the Department of Health,GlaxoSmithKline Limited,"HK$11,376,060.00 F.I.S./Hong Kong",25-Jun-25
A0600952024,Provision of printing services for producing electronic document of identity for visa purposes (ID 438 and ID 438A) to the Government Logistics Department,C & C Security Printing Company Limited,"HK$23,490,350.00 ",25-Jun-25
AF300452024,Supply of office automation software to the Civil Engineering and Development Department,HKBN JOS Limited,"HK$10,041,720.00 F.I.S./Hong Kong",6-Aug-25
AF900982023,"Supply, delivery and installation of magnetic resonance imaging scanning cum imaging & control system to The Chinese Medicine Hospital of Hong Kong",Siemens Healthcare Limited,"HK$34,783,100.00 ",15-Aug-25
A4101032024,Supply of seasonal influenza vaccines to the Department of Health,DCH Auriga (Hong Kong) Limited - Healthcare Division,"HK$8,041,500.00 ",13-Aug-25
A4101032024,Supply of seasonal influenza vaccines to the Department of Health,Zuellig Pharma Limited,"HK$45,047,700.00 ",13-Aug-25
AE400592023,Supply of display system and content management system to the Leisure and Cultural Services Department,HK First Union Electronics Technology Limited,"HK$6,690,592.00 F.I.S./Hong Kong",2-Sep-25
A3700612024,Supply of personal computers and servers to the Hong Kong Police Force,Automated Systems (H.K.) Limited,"HK$4,696,634.00 ",6-Nov-25
A3700612024,Supply of personal computers and servers to the Hong Kong Police Force,Nexify Limited,"HK$1,993,563.00 ",6-Nov-25
A3700612024,Supply of personal computers and servers to the Hong Kong Police Force,Hong Kong Telecommunications (HKT) Limited,"HK$12,251,000.00 ",6-Nov-25
A2500672023,Supply of intrinsically safe portable radio transceivers to the Fire Services Department,Hytera Communications Corporation Limited,"HK$78,569,200.00 ",29-May-25
A0600522024,Provision of cleansing services for the Government Logistics Centre of the Government Logistics Department,Johnson Cleaning Services Company Limited,"HK$2,488,800.00 ",30-May-25
A7600132024,Supply of sodium silicofluoride to the Water Supplies Department,Kwong Fat Hong (HK) Limited,"HK$7,811,874.00 F.I.S./Hong Kong",25-Apr-25
A8700372024,Supply of cationic polymer to the Drainage Services Department,Kwong Fat Hong (HK) Limited,"HK$9,376,500.00 F.I.S./Hong Kong",8-Apr-25
A8900532024,Supply of network equipment and provision of related services to the Planning Department,Automated Systems (H.K.) Limited,"HK$10,449,568.00 ",26-Sep-25
AE300852024,Supply of office automation software to the Food and Environmental Hygiene Department,HKBN JOS Limited,"HK$17,475,475.00 F.I.S./Hong Kong",26-Sep-25
A9900432024,Supply of legal publications to various Government departments,Bloomsbury Books Limited,"HK$13,329,000.00 ",7-Apr-25
A9900432024,Supply of legal publications to various Government departments,Sweet & Maxwell O/B Thomson Reuters Hong Kong Limited,"HK$71,609,000.00 ",7-Apr-25
A9900432024,Supply of legal publications to various Government departments,RELX (Greater China) Limited - LexisNexis,"HK$111,816,000.00 ",7-Apr-25
A3700382024,Supply of combat boots to the Hong Kong Police Force,Axes Limited,"HK$10,475,000.00 F.I.S./Hong Kong",9-Jun-25
AF900212024,"Supply, delivery and installation of computed tomography system to The Chinese Medicine Hospital of Hong Kong",Siemens Healthcare Limited,"HK$15,382,200.00 ",15-Aug-25
A0100512024,Supply and installation of partition screens to various Government departments,Maxwin & Honwell Limited,"HK$12,618,800.00 F.I.S./Hong Kong",13-Aug-25
AD200942023,Supply of town ambulances to the Electrical and Mechanical Services Trading Fund,Zung Fu Company Limited,"HK$107,084,952.00 F.I.S./Hong Kong",3-Apr-25
AC400202024,"Supply of desktop personal computers, software and provision of related services to the Home Affairs Department",Hong Kong Telecommunications (HKT) Limited,"HK$14,149,100.00 ",11-Apr-25
A4100072024,"Supply of dental implant fixtures, abutments and accessories for dental services to the Department of Health",Nobel Biocare Asia Ltd.,"HK$19,969,336.44 F.I.S./Hong Kong",17-Apr-25
A4100162024,"Supply of reagents, controls and calibrators for use in the clinical chemistry analyser system to the Department of Health",DKSH Hong Kong Limited,"HK$19,858,432.91 F.I.S./Hong Kong",16-May-25
A3400422024,"Supply of spare parts for outboard engines of the ""Mercury"" brand to the Marine Department",Faithful Marine Co. Limited,Not applicable,19-Nov-25
A1300802023,Supply of primary and secondary surveillance radar system to the Civil Aviation Department,CAE-NRIET Consortium,"HK$394,247,731.00 ",27-Oct-25
AF900492024,Supply of digital display management system to The Chinese Medicine Hospital of Hong Kong,"Terra Nova (Asia) Co., Limited","HK$5,514,320.00 F.I.S./Hong Kong",30-Jul-25
AF900492024,Supply of digital display management system to The Chinese Medicine Hospital of Hong Kong,Hong Kong Telecommunications (HKT) Limited,"HK$12,800,000.00 ",30-Jul-25
A0600082024,Supply of 128 gsm two-side coated art paper in matt and gloss finish to the Government Logistics Department,Sun Cheong Paper Trading Limited,"HK$5,107,500.00 F.I.S./Hong Kong",24-Feb-25
U8000012024,Supply of disposable face shields and examination gloves to the Government Logistics Department,A. R. Medicom Inc. (Asia) Ltd.,Not applicable,27-Feb-25
U8000012024,Supply of disposable face shields and examination gloves to the Government Logistics Department,Wing Lee Supplies & Engineering Co.,Not applicable,27-Feb-25
U8000012024,Supply of disposable face shields and examination gloves to the Government Logistics Department,K-Solution Design and Engineering Limited,Not applicable,27-Feb-25
U8000012024,Supply of disposable face shields and examination gloves to the Government Logistics Department,Kei Cheung Industries & Trading Limited,Not applicable,27-Feb-25
U8000012024,Supply of disposable face shields and examination gloves to the Government Logistics Department,Man Ming Hung Tai Manufacturing Company Limited,Not applicable,27-Feb-25
U8000012024,Supply of disposable face shields and examination gloves to the Government Logistics Department,Maxwin & Honwell Limited,Not applicable,27-Feb-25
U8000012024,Supply of disposable face shields and examination gloves to the Government Logistics Department,Million Source Limited,Not applicable,27-Feb-25
U8000012024,Supply of disposable face shields and examination gloves to the Government Logistics Department,Peace Target Ltd,Not applicable,27-Feb-25
U8000012024,Supply of disposable face shields and examination gloves to the Government Logistics Department,Prudent Elite International Trading Company Limited,Not applicable,27-Feb-25
U8000012024,Supply of disposable face shields and examination gloves to the Government Logistics Department,Rainbow Sky (H.K.) Company Limited,Not applicable,27-Feb-25
U8000012024,Supply of disposable face shields and examination gloves to the Government Logistics Department,S.T. Global Trading Limited,Not applicable,27-Feb-25
U8000012024,Supply of disposable face shields and examination gloves to the Government Logistics Department,SkyNetCity HK Limited,Not applicable,27-Feb-25
U8000012024,Supply of disposable face shields and examination gloves to the Government Logistics Department,Tin Ho Trading Co,Not applicable,27-Feb-25
U8000012024,Supply of disposable face shields and examination gloves to the Government Logistics Department,Top-Sharp International Enterprise Limited,Not applicable,27-Feb-25
U8000012024,Supply of disposable face shields and examination gloves to the Government Logistics Department,Tronex (Hong Kong) Limited,Not applicable,27-Feb-25
U8000012024,Supply of disposable face shields and examination gloves to the Government Logistics Department,Trucare Enterprise Limited,Not applicable,27-Feb-25
U8000012024,Supply of disposable face shields and examination gloves to the Government Logistics Department,Wide Fancy International Limited,Not applicable,27-Feb-25
U8000012024,Supply of disposable face shields and examination gloves to the Government Logistics Department,Winner Medical (HK) Ltd,Not applicable,27-Feb-25
U8000012024,Supply of disposable face shields and examination gloves to the Government Logistics Department,Action Medical Sundries Ltd,Not applicable,27-Feb-25
AF900042024,Supply of examination lamps to the Chinese Medicine Hospital,International Environment Development Group Limited,"HK$1,650,264.00 F.I.S./Hong Kong",1-Apr-25
A0600892024,Supply of lithographic process ink to the Government Logistics Department,Dainichiseika (HK) Ltd,"HK$1,925,750.00 F.I.S./Hong Kong",4-Aug-25
A9900992024,Supply of stationery items to various Government departments,Wahtat.com Limited,"HK$3,514,300.00 F.I.S./Hong Kong",1-Aug-25
A9900992024,Supply of stationery items to various Government departments,Efficient Services Limited,"HK$7,060,180.00 F.I.S./Hong Kong",1-Aug-25
A0600632024,Purchase of paper waste from the Government Logistics Department,Hop Lee Lung Environmental Trading Limited,"HK$1,579,000.00 payable to the Government of the Hong Kong Special Administrative Region",1-Apr-25
A2500442024,Supply of spare parts for vehicles of the “Scania” brand to the Fire Services Department,Scania (Hong Kong) Limited,Not applicable,13-Aug-25
A0600102025,Supply of 80 gsm white woodfree printing paper to the Government Logistics Department,Tai Tak Paper Company Limited,"HK$6,323,310.00 F.I.S./Hong Kong",22-Dec-25
AF300132025,Supply of an automated steel testing system to the Civil Engineering and Development Department,A & P Instrument Company Limited,"HK$8,100,000.00 ",29-Dec-25
A1500582024,"Supply of desktop personal computers, software and provision of related services to the Customs and Excise Department",Microware Limited,"HK$22,239,120.00 ",24-Dec-25
A8701012024,Supply of calcium nitrate solution to the Drainage Services Department,Kwong Fat Hong (HK) Limited,"HK$17,430,308.00 F.I.S./Hong Kong",17-Dec-25
A0600152025,Supply of electric cars to various Government departments,Zhilian Zhili New Energy Auto Service (Hong Kong) Limited,"HK$35,888,850.00 F.I.S./Hong Kong",29-Dec-25
AD200792023,Supply of tunnel wall washing vehicles to the Electrical and Mechanical Services Trading Fund,King Wing International Automobile Limited,"HK$8,343,000.00 F.I.S./Hong Kong",7-Jul-25
A9900022024,Supply of spare parts for vehicles of the “Mercedes-Benz” brand to the Electrical and Mechanical Services Department and the Fire Services Department,Zung Fu Company Limited,Not applicable,17-Jul-25
A3700032024,Supply of summer traffic protective jackets to the Hong Kong Police Force,Gruppo Basic International Limited,"HK$13,112,800.00 F.I.S./Hong Kong",3-Jul-25
A4100502024,Supply of atovaquone and proguanil tablets to the Department of Health,GlaxoSmithKline Limited,"HK$10,858,000.00 F.I.S./Hong Kong",29-Jul-25
A7601022023,Purchase of unserviceable water meters from the Government of the Hong Kong Special Administrative Region,Talos Global Trading Limited,"HK$6,435,186.00 payable to the Government of the Hong Kong Special Administrative Region",24-Jan-25
A3400412024,Supply of spare parts for marine diesel engines of the “Cummins” brand to the Marine Department,Cummins Hong Kong Limited,Not applicable,22-Jul-25
A0600932024,Provision of services for transportation of Government stores to the Government Logistics Department,"Leung Kow Kee Transportation Co., Ltd.","HK$30,801,075.00 ",17-Oct-25
AF300542024,Supply of universal testing machines to the Civil Engineering and Development Department,A & P Instrument Company Limited,"HK$7,400,000.00 ",2-Dec-25
A0600142025,Supply of light buses to various Government departments,Yan Tin Motors Limited,"HK$105,310,434.00 F.I.S./Hong Kong",29-Dec-25
A3400392024,"Supply of spare parts for marine diesel engines of the ""Motoren-und Turbinen-Union"" brand to the Marine Department",Rolls-Royce Solutions Hong Kong Ltd.,Not applicable,18-Dec-25
AD200692024,Supply of mobile X-ray inspection medium trucks to the Electrical and Mechanical Services Trading Fund,Nuctech Operation Company Limited,"HK$12,818,200.00 F.I.S./Hong Kong",30-Dec-25
A0600552024,Supply of electric large saloon cars to various Government departments,BMW Concessionaires (HK) Limited,"HK$1,421,468.00 F.I.S./Hong Kong",8-Jan-25
A3700482024,Supply of uniform trousers to the Hong Kong Police Force,Cyber Smart Limited,"HK$29,467,190.00 F.I.S./Hong Kong",6-Oct-25
AD200562023,Supply of desktop trace contraband detectors and portable trace contraband detectors to the Electrical and Mechanical Services Trading Fund,Nuctech Hong Kong Company Limited,"HK$13,615,000.00 ",9-Jan-25
A8700282024,Supply of sodium hypochlorite solution to the Drainage Services Department,Hon Yuen Hong (H.K) Limited,"HK$139,718,064.00 F.I.S./Hong Kong",10-Feb-25
A1100052024,"Design and supply of mariculture farms for the Agriculture, Fisheries and Conservation Department","Zhuhai Desail Marine Fishery Technology Co., Ltd.","HK$64,600,000.00 ",2-May-25
AD200322024,Supply of motorcycles (Police version) to the Electrical and Mechanical Services Trading Fund,BMW Concessionaires (HK) Limited,"HK$41,573,200.00 F.I.S./Hong Kong",28-May-25
A8700292024,Supply of ferric chloride solution for secondary sewage treatment to the Drainage Services Department,PCS Asia Limited,"HK$26,800,674.25 F.I.S./Hong Kong",30-May-25
A8700872024,Supply of sodium chlorite solution to the Drainage Services Department,KFH Applied Materials Limited,"HK$94,931,200.00 F.I.S./Hong Kong",26-Nov-25
A0600152024,Supply of 100 gsm white woodfree printing paper to the Government Logistics Department,Sun Cheong Paper Trading Limited,"HK$11,846,000.00 F.I.S./Hong Kong",15-Jan-25
A4100222024,Supply of reagents and consumables for MagNA Pure 96 System to the Department of Health,DKSH Hong Kong Limited,"HK$25,084,275.00 F.I.S./Hong Kong",3-Jan-25
A0600042025,Supply of 80 gsm and 100 gsm recycled white woodfree printing paper to the Government Logistics Department,Sun Hing Paper Company Limited,"HK$4,084,300.00 F.I.S./Hong Kong",2-Sep-25
A9900722024,Provision of coaches for emergency use for hiring by various Government departments,Jackson Coach Hire Service Limited,Not applicable,18-Mar-25
A9900722024,Provision of coaches for emergency use for hiring by various Government departments,Hong Kong Non Franchised Bus Association Limited,Not applicable,18-Mar-25
A9900802024-1,Supply of bottled drinking water to various Government departments,AS Watson Group (HK) Limited,"HK$7,129,900.00 F.I.S./Hong Kong",16-Aug-25
