record_type,source,tender_ref,title,contractor_name,contractor_brn,contract_value,currency,status,award_date,publication_date,closing_date,url
award,ha,Ching Lai Commercial CentreShop  G5,,Ching Lai Court(Sham Shui Po)(Tel:2204 1027) / Choose one of the following:,,,HKD,awarded,,,,https://www.housingauthority.gov.hk/en/commercial-properties/tender-notices-and-awards/index.html
award,ha,Ching Lai Commercial CentreShop G6 - G8,,Ching Lai Court(Sham Shui Po)(Tel:2204 1027) / Choose one of the following:,,,HKD,awarded,,,,https://www.housingauthority.gov.hk/en/commercial-properties/tender-notices-and-awards/index.html
award,ha,Hoi Lai Shopping CentreShop 16 + 17,,Hoi Lai Estate(Sham Shui Po)(Tel:2947 1368) / Choose one of the following:,,,HKD,awarded,,,,https://www.housingauthority.gov.hk/en/commercial-properties/tender-notices-and-awards/index.html
award,ha,Kai Chuen Shopping CentreShop 114,,Kai Chuen Court(Wong Tai Sin)(Tel:2324 0096) / Choose one of the following:,,,HKD,awarded,,,,https://www.housingauthority.gov.hk/en/commercial-properties/tender-notices-and-awards/index.html
award,ha,Lei Muk Shue Shopping CentreShop  24,,Lei Muk Shue Estate(Tsuen Wan)(Tel:2418 2831) / Choose one of the following:,,,HKD,awarded,,,,https://www.housingauthority.gov.hk/en/commercial-properties/tender-notices-and-awards/index.html
award,ha,Lei Muk Shue Shopping CentreShop 114,,Lei Muk Shue Estate(Tsuen Wan)(Tel:2418 2831) / Choose one of the following:,,,HKD,awarded,,,,https://www.housingauthority.gov.hk/en/commercial-properties/tender-notices-and-awards/index.html
award,ha,On Kay Commerical CentreShop 101,,On Kay Court(Kwun Tong)(Tel:2758 9519) / Choose one of the following:,,,HKD,awarded,,,,https://www.housingauthority.gov.hk/en/commercial-properties/tender-notices-and-awards/index.html
award,ha,On Ying Shopping CentreShop LG113,,On Ying Court(Sai Kung)(Tel:2701 3320) / Choose one of the following:,,,HKD,awarded,,,,https://www.housingauthority.gov.hk/en/commercial-properties/tender-notices-and-awards/index.html
award,ha,MarketShopstall  4,,Pok Hong Estate(Sha Tin)(Tel:2647 0815) / Choose one of the following:,,,HKD,awarded,,,,https://www.housingauthority.gov.hk/en/commercial-properties/tender-notices-and-awards/index.html
award,ha,MarketShopstall 10,,Pok Hong Estate(Sha Tin)(Tel:2647 0815) / Choose one of the following:,,,HKD,awarded,,,,https://www.housingauthority.gov.hk/en/commercial-properties/tender-notices-and-awards/index.html
award,ha,MarketShopstall 15,,Pok Hong Estate(Sha Tin)(Tel:2647 0815) / Choose one of the following:,,,HKD,awarded,,,,https://www.housingauthority.gov.hk/en/commercial-properties/tender-notices-and-awards/index.html
award,ha,MarketShopstall 20,,Pok Hong Estate(Sha Tin)(Tel:2647 0815) / Choose one of the following:,,,HKD,awarded,,,,https://www.housingauthority.gov.hk/en/commercial-properties/tender-notices-and-awards/index.html
award,ha,Queens Hill Shopping CentreShop 25,,Queens Hill Estate(North)(Tel:2661 2821) / Choose one of the following:,,,HKD,awarded,,,,https://www.housingauthority.gov.hk/en/commercial-properties/tender-notices-and-awards/index.html
award,ha,"Yam Heng HouseG/F, Shop 1",,Shek Yam East Estate(Kwai Tsing)(Tel:2424 2942) / Choose one of the following:,,,HKD,awarded,,,,https://www.housingauthority.gov.hk/en/commercial-properties/tender-notices-and-awards/index.html
award,ha,So Uk Shopping CentreShop G06,,So Uk Estate(Sham Shui Po)(Tel:3709 7507) / Choose one of the following:,,,HKD,awarded,,,,https://www.housingauthority.gov.hk/en/commercial-properties/tender-notices-and-awards/index.html
award,ha,Shek Mun Shopping CentreShop P15+Advertising Light BoxNo. 2,,Shek Mun Estate(Sha Tin)(Tel:2699 0329) / Choose one of the following:,,,HKD,awarded,,,,https://www.housingauthority.gov.hk/en/commercial-properties/tender-notices-and-awards/index.html
award,archsd,SSL513,,Chun Wo Elegant JV,,389647500.0,HKD,awarded,2023-01-03,,,https://www.archsd.gov.hk/en/tenders-notices/works/contracts-awarded-in-the-past-three-months.html
award,archsd,SSL518,,Sunnic Engineering Limited,,275513000.0,HKD,awarded,2023-01-06,,,https://www.archsd.gov.hk/en/tenders-notices/works/contracts-awarded-in-the-past-three-months.html
award,archsd,SSL511,,Build King Construction Limited,,429499000.0,HKD,awarded,2023-01-13,,,https://www.archsd.gov.hk/en/tenders-notices/works/contracts-awarded-in-the-past-three-months.html
award,archsd,SSL510,,Hop Lee Builders Company Limited,,408658500.0,HKD,awarded,2023-01-16,,,https://www.archsd.gov.hk/en/tenders-notices/works/contracts-awarded-in-the-past-three-months.html
award,archsd,TCL720,,Shui On Building Contractors Limited,,569920000.0,HKD,awarded,2023-02-10,,,https://www.archsd.gov.hk/en/tenders-notices/works/contracts-awarded-in-the-past-three-months.html
award,archsd,RFL811,,Shun Yip Construction Company Limited,,11591365.0,HKD,awarded,2023-04-17,,,https://www.archsd.gov.hk/en/tenders-notices/works/contracts-awarded-in-the-past-three-months.html
award,archsd,SSJ506,,Shui On Construction Company Limited,,1934600000.0,HKD,awarded,2023-04-19,,,https://www.archsd.gov.hk/en/tenders-notices/works/contracts-awarded-in-the-past-three-months.html
award,archsd,SSL516,,Wise Trend Engineering Limited,,91180000.0,HKD,awarded,2023-05-31,,,https://www.archsd.gov.hk/en/tenders-notices/works/contracts-awarded-in-the-past-three-months.html
award,archsd,TCL519,,Wecon Limited,,535751500.0,HKD,awarded,2023-06-02,,,https://www.archsd.gov.hk/en/tenders-notices/works/contracts-awarded-in-the-past-three-months.html
award,archsd,NSC to SSL516,,Meco Engineering Limited,,20500000.0,HKD,awarded,2023-06-02,,,https://www.archsd.gov.hk/en/tenders-notices/works/contracts-awarded-in-the-past-three-months.html
award,archsd,RFL802,,Gold Banner Construction and Development Limited,,9991086.0,HKD,awarded,2023-06-07,,,https://www.archsd.gov.hk/en/tenders-notices/works/contracts-awarded-in-the-past-three-months.html
award,archsd,RFL806,,Creative Concept Construction Company Limited,,15447000.0,HKD,awarded,2023-06-16,,,https://www.archsd.gov.hk/en/tenders-notices/works/contracts-awarded-in-the-past-three-months.html
award,archsd,RFL807,,Maylon Construction Company Limited,,11879440.0,HKD,awarded,2023-06-20,,,https://www.archsd.gov.hk/en/tenders-notices/works/contracts-awarded-in-the-past-three-months.html
award,archsd,SSL505,,Wanson Construction Company Limited,,366002752.0,HKD,awarded,2023-06-27,,,https://www.archsd.gov.hk/en/tenders-notices/works/contracts-awarded-in-the-past-three-months.html
award,archsd,SSL517,,Shui On Construction Company Limited,,730800000.0,HKD,awarded,2023-07-10,,,https://www.archsd.gov.hk/en/tenders-notices/works/contracts-awarded-in-the-past-three-months.html
award,archsd,SSL509,,Build King - ABLE Joint Venture,,4471400000.0,HKD,awarded,2023-07-14,,,https://www.archsd.gov.hk/en/tenders-notices/works/contracts-awarded-in-the-past-three-months.html
award,archsd,SSM507,,Wah Tat Construction Company,,217180395.5,HKD,awarded,2023-07-20,,,https://www.archsd.gov.hk/en/tenders-notices/works/contracts-awarded-in-the-past-three-months.html
award,archsd,SSM503,,Dragages Hong Kong Limited,,1838888888.0,HKD,awarded,2023-07-25,,,https://www.archsd.gov.hk/en/tenders-notices/works/contracts-awarded-in-the-past-three-months.html
award,archsd,SSM512,,Techoy Construction Company Limited,,695606000.0,HKD,awarded,2023-07-31,,,https://www.archsd.gov.hk/en/tenders-notices/works/contracts-awarded-in-the-past-three-months.html
award,archsd,TCM938,,Cheung Hing Construction Company Limited,,484400000.0,HKD,awarded,2023-09-04,,,https://www.archsd.gov.hk/en/tenders-notices/works/contracts-awarded-in-the-past-three-months.html
award,archsd,TCM971,,Shui On Building Contractors Limited,,811420000.0,HKD,awarded,2023-09-07,,,https://www.archsd.gov.hk/en/tenders-notices/works/contracts-awarded-in-the-past-three-months.html
award,archsd,RFM803,,Union Contractors Limited,,13694693.5,HKD,awarded,2023-10-17,,,https://www.archsd.gov.hk/en/tenders-notices/works/contracts-awarded-in-the-past-three-months.html
award,archsd,RFM808,,Wah Tat Construction Company,,14499260.0,HKD,awarded,2023-10-31,,,https://www.archsd.gov.hk/en/tenders-notices/works/contracts-awarded-in-the-past-three-months.html
award,archsd,RFK820,,K-Peak Company Limited,,16689973.0,HKD,awarded,2023-11-02,,,https://www.archsd.gov.hk/en/tenders-notices/works/contracts-awarded-in-the-past-three-months.html
award,archsd,SSM502,,Shui On Construction Company Limited,,1110440000.0,HKD,awarded,2023-11-27,,,https://www.archsd.gov.hk/en/tenders-notices/works/contracts-awarded-in-the-past-three-months.html
award,archsd,SSM519,,China State Construction Engineering (Hong Kong) Limited,,6280000000.0,HKD,awarded,2023-11-28,,,https://www.archsd.gov.hk/en/tenders-notices/works/contracts-awarded-in-the-past-three-months.html
award,archsd,SSM518,,Chevalier - China Railway Joint Venture,,3977600000.0,HKD,awarded,2023-11-28,,,https://www.archsd.gov.hk/en/tenders-notices/works/contracts-awarded-in-the-past-three-months.html
award,archsd,RFL804,,Maylon Construction Company Limited,,8280000.0,HKD,awarded,2024-01-16,,,https://www.archsd.gov.hk/en/tenders-notices/works/contracts-awarded-in-the-past-three-months.html
award,archsd,RFM812,,Tak Cheong Construction Company Limited,,6488660.0,HKD,awarded,2024-01-30,,,https://www.archsd.gov.hk/en/tenders-notices/works/contracts-awarded-in-the-past-three-months.html
award,archsd,SSK508,,Shui On Construction Company Limited,,3907550000.0,HKD,awarded,2024-02-09,,,https://www.archsd.gov.hk/en/tenders-notices/works/contracts-awarded-in-the-past-three-months.html
award,archsd,TCM516,,Shui On Building Contractors Limited,,982187050.0,HKD,awarded,2024-02-15,,,https://www.archsd.gov.hk/en/tenders-notices/works/contracts-awarded-in-the-past-three-months.html
award,archsd,SSM521,,Able - Chun Wo Joint Venture,,3197760000.0,HKD,awarded,2024-03-01,,,https://www.archsd.gov.hk/en/tenders-notices/works/contracts-awarded-in-the-past-three-months.html
award,archsd,TCM931,,Cheung Hing - Maylon Joint Venture,,878653088.0,HKD,awarded,2024-03-01,,,https://www.archsd.gov.hk/en/tenders-notices/works/contracts-awarded-in-the-past-three-months.html
award,archsd,TCM932,,Fook Lee - Union Joint Venture,,752502784.0,HKD,awarded,2024-03-01,,,https://www.archsd.gov.hk/en/tenders-notices/works/contracts-awarded-in-the-past-three-months.html
award,archsd,TCM941,,Chee Cheung Hing & Company Limited,,839882696.0,HKD,awarded,2024-03-01,,,https://www.archsd.gov.hk/en/tenders-notices/works/contracts-awarded-in-the-past-three-months.html
award,archsd,TCM942,,Fook Lee - Union Joint Venture,,699897600.0,HKD,awarded,2024-03-01,,,https://www.archsd.gov.hk/en/tenders-notices/works/contracts-awarded-in-the-past-three-months.html
award,archsd,RFM522,,China State Construction Engineering (Hong Kong) Limited,,366000000.0,HKD,awarded,2024-03-18,,,https://www.archsd.gov.hk/en/tenders-notices/works/contracts-awarded-in-the-past-three-months.html
award,archsd,SSM520,,Able - Chun Wo Joint Venture,,2020350000.0,HKD,awarded,2024-03-28,,,https://www.archsd.gov.hk/en/tenders-notices/works/contracts-awarded-in-the-past-three-months.html
award,archsd,SSM508,,Woon Lee Construction Company Limited,,377746000.0,HKD,awarded,2024-04-03,,,https://www.archsd.gov.hk/en/tenders-notices/works/contracts-awarded-in-the-past-three-months.html
award,archsd,TCN509,,Geotechnics & Concrete Engineering (Hong Kong) Limited,,56135000.0,HKD,awarded,2024-04-22,,,https://www.archsd.gov.hk/en/tenders-notices/works/contracts-awarded-in-the-past-three-months.html
award,archsd,SSM504,,Paul Y. - Able (TKO67) Joint Venture,,2890967000.0,HKD,awarded,2024-04-29,,,https://www.archsd.gov.hk/en/tenders-notices/works/contracts-awarded-in-the-past-three-months.html
award,archsd,RFM807,,Gold Banner Construction and Development Limited,,16237674.0,HKD,awarded,2024-05-28,,,https://www.archsd.gov.hk/en/tenders-notices/works/contracts-awarded-in-the-past-three-months.html
award,archsd,RFM802,,Gold Banner Construction and Development Limited,,9998129.0,HKD,awarded,2024-05-29,,,https://www.archsd.gov.hk/en/tenders-notices/works/contracts-awarded-in-the-past-three-months.html
award,archsd,TCM719,,Yau Lee Construction Company Limited,,526085000.0,HKD,awarded,2024-06-21,,,https://www.archsd.gov.hk/en/tenders-notices/works/contracts-awarded-in-the-past-three-months.html
award,archsd,ASD/T/1/2023,,China Overseas Property Services Limited,,26910734.4,HKD,awarded,2024-08-05,,,https://www.archsd.gov.hk/en/tenders-notices/works/contracts-awarded-in-the-past-three-months.html
award,archsd,RFN510,,Woon Lee Construction Company Limited,,438181700.0,HKD,awarded,2024-08-08,,,https://www.archsd.gov.hk/en/tenders-notices/works/contracts-awarded-in-the-past-three-months.html
award,archsd,RFM811,,Sun Hang Shing Construction & Decoration Company Limited,,21194470.0,HKD,awarded,2024-08-19,,,https://www.archsd.gov.hk/en/tenders-notices/works/contracts-awarded-in-the-past-three-months.html
award,archsd,SSM515,,Square - Able Joint Venture,,2550000000.0,HKD,awarded,2024-10-14,,,https://www.archsd.gov.hk/en/tenders-notices/works/contracts-awarded-in-the-past-three-months.html
award,archsd,SSN516,,Yau Lee Construction Company Limited,,808284500.0,HKD,awarded,2024-10-24,,,https://www.archsd.gov.hk/en/tenders-notices/works/contracts-awarded-in-the-past-three-months.html
award,archsd,SSN522,,China Harbour Engineering Company Limited,,609766000.0,HKD,awarded,2024-10-29,,,https://www.archsd.gov.hk/en/tenders-notices/works/contracts-awarded-in-the-past-three-months.html
award,archsd,SSN520,,CCSIC Green Tech - Aluhouse Joint Venture,,2032905000.0,HKD,awarded,2024-10-30,,,https://www.archsd.gov.hk/en/tenders-notices/works/contracts-awarded-in-the-past-three-months.html
award,archsd,RFM814,,Gold Banner Construction and Development Limited,,10546491.0,HKD,awarded,2024-10-31,,,https://www.archsd.gov.hk/en/tenders-notices/works/contracts-awarded-in-the-past-three-months.html
award,archsd,RFN805,,Gold Banner Construction and Development Limited,,16996521.0,HKD,awarded,2024-11-12,,,https://www.archsd.gov.hk/en/tenders-notices/works/contracts-awarded-in-the-past-three-months.html
award,archsd,SSN505,,Realty - Lanon JV,,726350000.0,HKD,awarded,2024-11-26,,,https://www.archsd.gov.hk/en/tenders-notices/works/contracts-awarded-in-the-past-three-months.html
award,gld,A4100222024,,DKSH Hong Kong Limited,,,HKD,awarded,2025-01-03,,,https://www.gld.gov.hk/datagovhk/procurement/ContractsAwarded_EN.csv
award,gld,A0600552024,,BMW Concessionaires (HK) Limited,,,HKD,awarded,2025-01-08,,,https://www.gld.gov.hk/datagovhk/procurement/ContractsAwarded_EN.csv
award,gld,AD200562023,,Nuctech Hong Kong Company Limited,,13615000.0,HKD,awarded,2025-01-09,,,https://www.gld.gov.hk/datagovhk/procurement/ContractsAwarded_EN.csv
award,gld,A0600152024,,Sun Cheong Paper Trading Limited,,,HKD,awarded,2025-01-15,,,https://www.gld.gov.hk/datagovhk/procurement/ContractsAwarded_EN.csv
award,gld,A7601022023,,Talos Global Trading Limited,,,HKD,awarded,2025-01-24,,,https://www.gld.gov.hk/datagovhk/procurement/ContractsAwarded_EN.csv
award,gld,A8700282024,,Hon Yuen Hong (H.K) Limited,,,HKD,awarded,2025-02-10,,,https://www.gld.gov.hk/datagovhk/procurement/ContractsAwarded_EN.csv
award,gld,A0600082024,,Sun Cheong Paper Trading Limited,,,HKD,awarded,2025-02-24,,,https://www.gld.gov.hk/datagovhk/procurement/ContractsAwarded_EN.csv
award,gld,U8000012024,,A. R. Medicom Inc. (Asia) Ltd.,,,HKD,awarded,2025-02-27,,,https://www.gld.gov.hk/datagovhk/procurement/ContractsAwarded_EN.csv
award,gld,U8000012024,,Wing Lee Supplies & Engineering Co.,,,HKD,awarded,2025-02-27,,,https://www.gld.gov.hk/datagovhk/procurement/ContractsAwarded_EN.csv
award,gld,U8000012024,,K-Solution Design and Engineering Limited,,,HKD,awarded,2025-02-27,,,https://www.gld.gov.hk/datagovhk/procurement/ContractsAwarded_EN.csv
award,gld,U8000012024,,Kei Cheung Industries & Trading Limited,,,HKD,awarded,2025-02-27,,,https://www.gld.gov.hk/datagovhk/procurement/ContractsAwarded_EN.csv
award,gld,U8000012024,,Man Ming Hung Tai Manufacturing Company Limited,,,HKD,awarded,2025-02-27,,,https://www.gld.gov.hk/datagovhk/procurement/ContractsAwarded_EN.csv
award,gld,U8000012024,,Maxwin & Honwell Limited,,,HKD,awarded,2025-02-27,,,https://www.gld.gov.hk/datagovhk/procurement/ContractsAwarded_EN.csv
award,gld,U8000012024,,Million Source Limited,,,HKD,awarded,2025-02-27,,,https://www.gld.gov.hk/datagovhk/procurement/ContractsAwarded_EN.csv
award,gld,U8000012024,,Peace Target Ltd,,,HKD,awarded,2025-02-27,,,https://www.gld.gov.hk/datagovhk/procurement/ContractsAwarded_EN.csv
award,gld,U8000012024,,Prudent Elite International Trading Company Limited,,,HKD,awarded,2025-02-27,,,https://www.gld.gov.hk/datagovhk/procurement/ContractsAwarded_EN.csv
award,gld,U8000012024,,Rainbow Sky (H.K.) Company Limited,,,HKD,awarded,2025-02-27,,,https://www.gld.gov.hk/datagovhk/procurement/ContractsAwarded_EN.csv
award,gld,U8000012024,,S.T. Global Trading Limited,,,HKD,awarded,2025-02-27,,,https://www.gld.gov.hk/datagovhk/procurement/ContractsAwarded_EN.csv
award,gld,U8000012024,,SkyNetCity HK Limited,,,HKD,awarded,2025-02-27,,,https://www.gld.gov.hk/datagovhk/procurement/ContractsAwarded_EN.csv
award,gld,U8000012024,,Tin Ho Trading Co,,,HKD,awarded,2025-02-27,,,https://www.gld.gov.hk/datagovhk/procurement/ContractsAwarded_EN.csv
award,gld,U8000012024,,Top-Sharp International Enterprise Limited,,,HKD,awarded,2025-02-27,,,https://www.gld.gov.hk/datagovhk/procurement/ContractsAwarded_EN.csv
award,gld,U8000012024,,Tronex (Hong Kong) Limited,,,HKD,awarded,2025-02-27,,,https://www.gld.gov.hk/datagovhk/procurement/ContractsAwarded_EN.csv
award,gld,U8000012024,,Trucare Enterprise Limited,,,HKD,awarded,2025-02-27,,,https://www.gld.gov.hk/datagovhk/procurement/ContractsAwarded_EN.csv
award,gld,U8000012024,,Wide Fancy International Limited,,,HKD,awarded,2025-02-27,,,https://www.gld.gov.hk/datagovhk/procurement/ContractsAwarded_EN.csv
award,gld,U8000012024,,Winner Medical (HK) Ltd,,,HKD,awarded,2025-02-27,,,https://www.gld.gov.hk/datagovhk/procurement/ContractsAwarded_EN.csv
award,gld,U8000012024,,Action Medical Sundries Ltd,,,HKD,awarded,2025-02-27,,,https://www.gld.gov.hk/datagovhk/procurement/ContractsAwarded_EN.csv
award,gld,AD200782023,,Zung Fu Company Limited,,,HKD,awarded,2025-03-07,,,https://www.gld.gov.hk/datagovhk/procurement/ContractsAwarded_EN.csv
award,archsd,TCN911,,Sui Chong - Goldfield Joint Venture,,733379690.0,HKD,awarded,2025-03-13,,,https://www.archsd.gov.hk/en/tenders-notices/works/contracts-awarded-in-the-past-three-months.html
award,archsd,TCN922,,Cheung Hing - Deson - Maylon Joint Venture,,878859142.4,HKD,awarded,2025-03-13,,,https://www.archsd.gov.hk/en/tenders-notices/works/contracts-awarded-in-the-past-three-months.html
award,archsd,TCN951,,Sui Chong - Goldfield Joint Venture,,687129970.0,HKD,awarded,2025-03-13,,,https://www.archsd.gov.hk/en/tenders-notices/works/contracts-awarded-in-the-past-three-months.html
award,archsd,TCN952,,CW-KS-LIDELL JV,,834071063.0,HKD,awarded,2025-03-13,,,https://www.archsd.gov.hk/en/tenders-notices/works/contracts-awarded-in-the-past-three-months.html
award,gld,A9900722024,,Jackson Coach Hire Service Limited,,,HKD,awarded,2025-03-18,,,https://www.gld.gov.hk/datagovhk/procurement/ContractsAwarded_EN.csv
award,gld,A9900722024,,Hong Kong Non Franchised Bus Association Limited,,,HKD,awarded,2025-03-18,,,https://www.gld.gov.hk/datagovhk/procurement/ContractsAwarded_EN.csv
award,archsd,TCN912,,Square Construction Company Limited,,981415600.0,HKD,awarded,2025-03-19,,,https://www.archsd.gov.hk/en/tenders-notices/works/contracts-awarded-in-the-past-three-months.html
award,archsd,TCN921,,CW-KS-LIDELL JV,,671278706.1,HKD,awarded,2025-03-19,,,https://www.archsd.gov.hk/en/tenders-notices/works/contracts-awarded-in-the-past-three-months.html
award,archsd,SSH505,,Able - Square Joint Venture,,1833992000.0,HKD,awarded,2025-03-28,,,https://www.archsd.gov.hk/en/tenders-notices/works/contracts-awarded-in-the-past-three-months.html
award,gld,AF900042024,,International Environment Development Group Limited,,,HKD,awarded,2025-04-01,,,https://www.gld.gov.hk/datagovhk/procurement/ContractsAwarded_EN.csv
award,gld,A0600632024,,Hop Lee Lung Environmental Trading Limited,,,HKD,awarded,2025-04-01,,,https://www.gld.gov.hk/datagovhk/procurement/ContractsAwarded_EN.csv
award,gld,AD200942023,,Zung Fu Company Limited,,,HKD,awarded,2025-04-03,,,https://www.gld.gov.hk/datagovhk/procurement/ContractsAwarded_EN.csv
award,gld,A9900432024,,Bloomsbury Books Limited,,13329000.0,HKD,awarded,2025-04-07,,,https://www.gld.gov.hk/datagovhk/procurement/ContractsAwarded_EN.csv
award,gld,A9900432024,,Sweet & Maxwell O/B Thomson Reuters Hong Kong Limited,,71609000.0,HKD,awarded,2025-04-07,,,https://www.gld.gov.hk/datagovhk/procurement/ContractsAwarded_EN.csv
award,gld,A9900432024,,RELX (Greater China) Limited - LexisNexis,,111816000.0,HKD,awarded,2025-04-07,,,https://www.gld.gov.hk/datagovhk/procurement/ContractsAwarded_EN.csv
award,gld,A8700372024,,Kwong Fat Hong (HK) Limited,,,HKD,awarded,2025-04-08,,,https://www.gld.gov.hk/datagovhk/procurement/ContractsAwarded_EN.csv
award,archsd,SSM501,,Able - Square Joint Venture,,1149880000.0,HKD,awarded,2025-04-10,,,https://www.archsd.gov.hk/en/tenders-notices/works/contracts-awarded-in-the-past-three-months.html
award,gld,AC400202024,,Hong Kong Telecommunications (HKT) Limited,,14149100.0,HKD,awarded,2025-04-11,,,https://www.gld.gov.hk/datagovhk/procurement/ContractsAwarded_EN.csv
award,gld,A4100072024,,Nobel Biocare Asia Ltd.,,,HKD,awarded,2025-04-17,,,https://www.gld.gov.hk/datagovhk/procurement/ContractsAwarded_EN.csv
award,gld,A7600132024,,Kwong Fat Hong (HK) Limited,,,HKD,awarded,2025-04-25,,,https://www.gld.gov.hk/datagovhk/procurement/ContractsAwarded_EN.csv
award,gld,A1100052024,,"Zhuhai Desail Marine Fishery Technology Co., Ltd.",,64600000.0,HKD,awarded,2025-05-02,,,https://www.gld.gov.hk/datagovhk/procurement/ContractsAwarded_EN.csv
award,archsd,SSN518,,Treasure Construction Engineering Limited,,480121500.0,HKD,awarded,2025-05-16,,,https://www.archsd.gov.hk/en/tenders-notices/works/contracts-awarded-in-the-past-three-months.html
award,gld,A4100162024,,DKSH Hong Kong Limited,,,HKD,awarded,2025-05-16,,,https://www.gld.gov.hk/datagovhk/procurement/ContractsAwarded_EN.csv
award,archsd,SSN517,,Allied Success - Creative Concept Joint Venture,,503446000.0,HKD,awarded,2025-05-19,,,https://www.archsd.gov.hk/en/tenders-notices/works/contracts-awarded-in-the-past-three-months.html
award,archsd,SSM510,,Lanon - Hop Lee Joint Venture,,505550000.0,HKD,awarded,2025-05-22,,,https://www.archsd.gov.hk/en/tenders-notices/works/contracts-awarded-in-the-past-three-months.html
award,archsd,RFM809,,Maylon Construction Company Limited,,23190000.0,HKD,awarded,2025-05-26,,,https://www.archsd.gov.hk/en/tenders-notices/works/contracts-awarded-in-the-past-three-months.html
award,gld,AD200322024,,BMW Concessionaires (HK) Limited,,,HKD,awarded,2025-05-28,,,https://www.gld.gov.hk/datagovhk/procurement/ContractsAwarded_EN.csv
award,gld,A2500672023,,Hytera Communications Corporation Limited,,78569200.0,HKD,awarded,2025-05-29,,,https://www.gld.gov.hk/datagovhk/procurement/ContractsAwarded_EN.csv
award,gld,A0600522024,,Johnson Cleaning Services Company Limited,,2488800.0,HKD,awarded,2025-05-30,,,https://www.gld.gov.hk/datagovhk/procurement/ContractsAwarded_EN.csv
award,gld,A8700292024,,PCS Asia Limited,,,HKD,awarded,2025-05-30,,,https://www.gld.gov.hk/datagovhk/procurement/ContractsAwarded_EN.csv
award,archsd,SSP504,,Shui On - Cycle Links (SSP504) Joint Venture,,1032275500.0,HKD,awarded,2025-06-03,,,https://www.archsd.gov.hk/en/tenders-notices/works/contracts-awarded-in-the-past-three-months.html
award,archsd,SSN504,,Man Kit Construction Company Limited,,233233495.46,HKD,awarded,2025-06-03,,,https://www.archsd.gov.hk/en/tenders-notices/works/contracts-awarded-in-the-past-three-months.html
award,gld,A9900312024,,Fu Team Transport Company Limited,,,HKD,awarded,2025-06-06,,,https://www.gld.gov.hk/datagovhk/procurement/ContractsAwarded_EN.csv
award,gld,A9900312024,,Dah Chong Hong (Motor Leasing) Limited,,,HKD,awarded,2025-06-06,,,https://www.gld.gov.hk/datagovhk/procurement/ContractsAwarded_EN.csv
award,gld,A9900312024,,Big Union Motors (Group) Limited,,,HKD,awarded,2025-06-06,,,https://www.gld.gov.hk/datagovhk/procurement/ContractsAwarded_EN.csv
award,gld,A3700382024,,Axes Limited,,,HKD,awarded,2025-06-09,,,https://www.gld.gov.hk/datagovhk/procurement/ContractsAwarded_EN.csv
award,gld,A0100172024,,Energy Trading Company Limited,,15375000.0,HKD,awarded,2025-06-24,,,https://www.gld.gov.hk/datagovhk/procurement/ContractsAwarded_EN.csv
award,gld,A4100682024,,GlaxoSmithKline Limited,,,HKD,awarded,2025-06-25,,,https://www.gld.gov.hk/datagovhk/procurement/ContractsAwarded_EN.csv
award,gld,A0600952024,,C & C Security Printing Company Limited,,23490350.0,HKD,awarded,2025-06-25,,,https://www.gld.gov.hk/datagovhk/procurement/ContractsAwarded_EN.csv
award,gld,A9900802024,,"Xin Ding Xin Trade Co., Limited",,,HKD,awarded,2025-06-26,,,https://www.gld.gov.hk/datagovhk/procurement/ContractsAwarded_EN.csv
award,gld,A9900802024,,Professional Trade International Limited,,,HKD,awarded,2025-06-26,,,https://www.gld.gov.hk/datagovhk/procurement/ContractsAwarded_EN.csv
award,gld,A9900802024,,AS Watson Group (HK) Limited,,,HKD,awarded,2025-06-26,,,https://www.gld.gov.hk/datagovhk/procurement/ContractsAwarded_EN.csv
award,gld,A0600622024,,Wyson Security Services Limited,,9102384.0,HKD,awarded,2025-06-27,,,https://www.gld.gov.hk/datagovhk/procurement/ContractsAwarded_EN.csv
award,archsd,REN521,,China State Construction Engineering (Hong Kong) Limited,,2200000000.0,HKD,awarded,2025-07-02,,,https://www.archsd.gov.hk/en/tenders-notices/works/contracts-awarded-in-the-past-three-months.html
award,gld,A3700032024,,Gruppo Basic International Limited,,,HKD,awarded,2025-07-03,,,https://www.gld.gov.hk/datagovhk/procurement/ContractsAwarded_EN.csv
award,gld,AD200792023,,King Wing International Automobile Limited,,,HKD,awarded,2025-07-07,,,https://www.gld.gov.hk/datagovhk/procurement/ContractsAwarded_EN.csv
award,archsd,SSP506,,Chun Wo Building Construction Limited,,460140000.0,HKD,awarded,2025-07-17,,,https://www.archsd.gov.hk/en/tenders-notices/works/contracts-awarded-in-the-past-three-months.html
award,gld,A9900022024,,Zung Fu Company Limited,,,HKD,awarded,2025-07-17,,,https://www.gld.gov.hk/datagovhk/procurement/ContractsAwarded_EN.csv
award,gld,A3400412024,,Cummins Hong Kong Limited,,,HKD,awarded,2025-07-22,,,https://www.gld.gov.hk/datagovhk/procurement/ContractsAwarded_EN.csv
award,gld,A4100502024,,GlaxoSmithKline Limited,,,HKD,awarded,2025-07-29,,,https://www.gld.gov.hk/datagovhk/procurement/ContractsAwarded_EN.csv
award,gld,AF900492024,,"Terra Nova (Asia) Co., Limited",,,HKD,awarded,2025-07-30,,,https://www.gld.gov.hk/datagovhk/procurement/ContractsAwarded_EN.csv
award,gld,AF900492024,,Hong Kong Telecommunications (HKT) Limited,,12800000.0,HKD,awarded,2025-07-30,,,https://www.gld.gov.hk/datagovhk/procurement/ContractsAwarded_EN.csv
award,gld,A9900992024,,Wahtat.com Limited,,,HKD,awarded,2025-08-01,,,https://www.gld.gov.hk/datagovhk/procurement/ContractsAwarded_EN.csv
award,gld,A9900992024,,Efficient Services Limited,,,HKD,awarded,2025-08-01,,,https://www.gld.gov.hk/datagovhk/procurement/ContractsAwarded_EN.csv
award,gld,A0600892024,,Dainichiseika (HK) Ltd,,,HKD,awarded,2025-08-04,,,https://www.gld.gov.hk/datagovhk/procurement/ContractsAwarded_EN.csv
award,gld,A2900462024,,Innovation Systems Group Limited,,,HKD,awarded,2025-08-06,,,https://www.gld.gov.hk/datagovhk/procurement/ContractsAwarded_EN.csv
award,gld,AF300452024,,HKBN JOS Limited,,,HKD,awarded,2025-08-06,,,https://www.gld.gov.hk/datagovhk/procurement/ContractsAwarded_EN.csv
award,gld,A4101032024,,DCH Auriga (Hong Kong) Limited - Healthcare Division,,8041500.0,HKD,awarded,2025-08-13,,,https://www.gld.gov.hk/datagovhk/procurement/ContractsAwarded_EN.csv
award,gld,A4101032024,,Zuellig Pharma Limited,,45047700.0,HKD,awarded,2025-08-13,,,https://www.gld.gov.hk/datagovhk/procurement/ContractsAwarded_EN.csv
award,gld,A0100512024,,Maxwin & Honwell Limited,,,HKD,awarded,2025-08-13,,,https://www.gld.gov.hk/datagovhk/procurement/ContractsAwarded_EN.csv
award,gld,A2500442024,,Scania (Hong Kong) Limited,,,HKD,awarded,2025-08-13,,,https://www.gld.gov.hk/datagovhk/procurement/ContractsAwarded_EN.csv
award,gld,AF900982023,,Siemens Healthcare Limited,,34783100.0,HKD,awarded,2025-08-15,,,https://www.gld.gov.hk/datagovhk/procurement/ContractsAwarded_EN.csv
award,gld,AF900212024,,Siemens Healthcare Limited,,15382200.0,HKD,awarded,2025-08-15,,,https://www.gld.gov.hk/datagovhk/procurement/ContractsAwarded_EN.csv
award,gld,A9900802024-1,,AS Watson Group (HK) Limited,,,HKD,awarded,2025-08-16,,,https://www.gld.gov.hk/datagovhk/procurement/ContractsAwarded_EN.csv
award,archsd,RFN806,,Wah Seng General Contractors Limited,,10498000.0,HKD,awarded,2025-08-18,,,https://www.archsd.gov.hk/en/tenders-notices/works/contracts-awarded-in-the-past-three-months.html
award,archsd,TCP972,,Cheung Hing - Maylon Joint Venture,,1018322800.0,HKD,awarded,2025-08-18,,,https://www.archsd.gov.hk/en/tenders-notices/works/contracts-awarded-in-the-past-three-months.html
award,gld,AE400592023,,HK First Union Electronics Technology Limited,,,HKD,awarded,2025-09-02,,,https://www.gld.gov.hk/datagovhk/procurement/ContractsAwarded_EN.csv
award,gld,A0600042025,,Sun Hing Paper Company Limited,,,HKD,awarded,2025-09-02,,,https://www.gld.gov.hk/datagovhk/procurement/ContractsAwarded_EN.csv
award,archsd,RFM804,,Pacific Extend Limited,,5501790.0,HKD,awarded,2025-09-12,,,https://www.archsd.gov.hk/en/tenders-notices/works/contracts-awarded-in-the-past-three-months.html
award,archsd,TCP929,,Shui On Building Contractors Limited,,215009956.4,HKD,awarded,2025-09-18,,,https://www.archsd.gov.hk/en/tenders-notices/works/contracts-awarded-in-the-past-three-months.html
award,archsd,TCP928,,CWB - KS JV,,278000000.0,HKD,awarded,2025-09-18,,,https://www.archsd.gov.hk/en/tenders-notices/works/contracts-awarded-in-the-past-three-months.html
award,gld,A8900532024,,Automated Systems (H.K.) Limited,,10449568.0,HKD,awarded,2025-09-26,,,https://www.gld.gov.hk/datagovhk/procurement/ContractsAwarded_EN.csv
award,gld,AE300852024,,HKBN JOS Limited,,,HKD,awarded,2025-09-26,,,https://www.gld.gov.hk/datagovhk/procurement/ContractsAwarded_EN.csv
award,gld,A9900062025,,Artec Chemical Company Limited,,,HKD,awarded,2025-10-06,,,https://www.gld.gov.hk/datagovhk/procurement/ContractsAwarded_EN.csv
award,gld,A3700482024,,Cyber Smart Limited,,,HKD,awarded,2025-10-06,,,https://www.gld.gov.hk/datagovhk/procurement/ContractsAwarded_EN.csv
award,gld,A0600932024,,"Leung Kow Kee Transportation Co., Ltd.",,30801075.0,HKD,awarded,2025-10-17,,,https://www.gld.gov.hk/datagovhk/procurement/ContractsAwarded_EN.csv
award,gld,A7600712024,,Bai He Long Limited,,,HKD,awarded,2025-10-24,,,https://www.gld.gov.hk/datagovhk/procurement/ContractsAwarded_EN.csv
award,gld,A1300802023,,CAE-NRIET Consortium,,394247731.0,HKD,awarded,2025-10-27,,,https://www.gld.gov.hk/datagovhk/procurement/ContractsAwarded_EN.csv
award,archsd,SSN515,,W.Hing-CCECC-SFK Joint Venture,,365645000.0,HKD,awarded,2025-10-31,,,https://www.archsd.gov.hk/en/tenders-notices/works/contracts-awarded-in-the-past-three-months.html
award,gld,A3700612024,,Automated Systems (H.K.) Limited,,4696634.0,HKD,awarded,2025-11-06,,,https://www.gld.gov.hk/datagovhk/procurement/ContractsAwarded_EN.csv
award,gld,A3700612024,,Nexify Limited,,1993563.0,HKD,awarded,2025-11-06,,,https://www.gld.gov.hk/datagovhk/procurement/ContractsAwarded_EN.csv
award,gld,A3700612024,,Hong Kong Telecommunications (HKT) Limited,,12251000.0,HKD,awarded,2025-11-06,,,https://www.gld.gov.hk/datagovhk/procurement/ContractsAwarded_EN.csv
award,archsd,NSC to REN521,,Chevalier (HK) Limited,,26280000.0,HKD,awarded,2025-11-10,,,https://www.archsd.gov.hk/en/tenders-notices/works/contracts-awarded-in-the-past-three-months.html
award,archsd,RFL810,,Wah Seng General Contractors Limited,,9480000.0,HKD,awarded,2025-11-10,,,https://www.archsd.gov.hk/en/tenders-notices/works/contracts-awarded-in-the-past-three-months.html
award,archsd,NSC to REN521,,TK Elevator Hong Kong Limited,,7250000.0,HKD,awarded,2025-11-18,,,https://www.archsd.gov.hk/en/tenders-notices/works/contracts-awarded-in-the-past-three-months.html
award,hyd,HY/2025/10,,Bachy Soletanche Group Limited,,29527000.0,HKD,awarded,2025-11-18,,,https://www.hyd.gov.hk/en/tender_notices/contracts/awarded/index.html
award,gld,A3400422024,,Faithful Marine Co. Limited,,,HKD,awarded,2025-11-19,,,https://www.gld.gov.hk/datagovhk/procurement/ContractsAwarded_EN.csv
award,gld,A8700872024,,KFH Applied Materials Limited,,,HKD,awarded,2025-11-26,,,https://www.gld.gov.hk/datagovhk/procurement/ContractsAwarded_EN.csv
award,gld,AF300542024,,A & P Instrument Company Limited,,7400000.0,HKD,awarded,2025-12-02,,,https://www.gld.gov.hk/datagovhk/procurement/ContractsAwarded_EN.csv
award,gld,A8701012024,,Kwong Fat Hong (HK) Limited,,,HKD,awarded,2025-12-17,,,https://www.gld.gov.hk/datagovhk/procurement/ContractsAwarded_EN.csv
award,gld,A3400392024,,Rolls-Royce Solutions Hong Kong Ltd.,,,HKD,awarded,2025-12-18,,,https://www.gld.gov.hk/datagovhk/procurement/ContractsAwarded_EN.csv
award,gld,A0600102025,,Tai Tak Paper Company Limited,,,HKD,awarded,2025-12-22,,,https://www.gld.gov.hk/datagovhk/procurement/ContractsAwarded_EN.csv
award,hyd,HY/2025/07,,CLPe Solutions Limited,,14017000.0,HKD,awarded,2025-12-23,,,https://www.hyd.gov.hk/en/tender_notices/contracts/awarded/index.html
award,gld,A1500582024,,Microware Limited,,22239120.0,HKD,awarded,2025-12-24,,,https://www.gld.gov.hk/datagovhk/procurement/ContractsAwarded_EN.csv
award,archsd,RFN802,,"Lidell Construction Company, Limited",,11757800.0,HKD,awarded,2025-12-29,,,https://www.archsd.gov.hk/en/tenders-notices/works/contracts-awarded-in-the-past-three-months.html
award,gld,AF300132025,,A & P Instrument Company Limited,,8100000.0,HKD,awarded,2025-12-29,,,https://www.gld.gov.hk/datagovhk/procurement/ContractsAwarded_EN.csv
award,gld,A0600152025,,Zhilian Zhili New Energy Auto Service (Hong Kong) Limited,,,HKD,awarded,2025-12-29,,,https://www.gld.gov.hk/datagovhk/procurement/ContractsAwarded_EN.csv
award,gld,A0600142025,,Yan Tin Motors Limited,,,HKD,awarded,2025-12-29,,,https://www.gld.gov.hk/datagovhk/procurement/ContractsAwarded_EN.csv
award,gld,AD200692024,,Nuctech Operation Company Limited,,,HKD,awarded,2025-12-30,,,https://www.gld.gov.hk/datagovhk/procurement/ContractsAwarded_EN.csv
award,hyd,HY/2025/05,,Hang Kee Development Company Limited,,27160000.0,HKD,awarded,2025-12-30,,,https://www.hyd.gov.hk/en/tender_notices/contracts/awarded/index.html
tender,ha,-,Tender Schedule of Building (New Works) Design and Build contracts (April to September 2026),,,,HKD,open,,2026-01-16,2026-09-30,javascript:popup800600Scroll('/en/common/pdf/business-partnerships/tenders/BP_Tender_Notice_16_Jan_2026_02.pdf')
tender,ha,-,Six-month Schedule of Building (New Works) Contracts (March to August 2026),,,,HKD,open,,2026-01-30,2026-08-31,javascript:popup800600Scroll('/en/common/pdf/business-partnerships/tenders/BP_Tender_Notice_30_Jan_2026_02.pdf')
tender,ha,-,Six-month Schedule of Engineering Works Contracts (March to August 2026),,,,HKD,open,,2026-02-13,2026-08-31,javascript:popup800600Scroll('/en/common/pdf/business-partnerships/tenders/BP_Tender_Notice_13_Feb_2026_02.pdf')
tender,ha,-,Six-month Schedule of Contract(s) of Building Services Works for Estate Management Division (1 March to 31 August 2026),,,,HKD,open,,2026-02-13,2026-08-31,javascript:popup800600Scroll('/en/common/pdf/business-partnerships/tenders/BP_Tender_Notice_13_Feb_2026_01.pdf')
award,cedd,NL/2023/11,,CCC-CCECC-CR11G Joint Venture,,792000000.0,HKD,awarded,2026-02-16,,,https://www.cedd.gov.hk/eng/tender-notices/contracts/contracts-awarded/index.html
award,hyd,HY/2024/12,,Fong On Construction Limited,,130130000.0,HKD,awarded,2026-02-20,,,https://www.hyd.gov.hk/en/tender_notices/contracts/awarded/index.html
award,hyd,04/HY/2025,,WCCL - EW Joint Venture,,641473000.0,HKD,awarded,2026-02-25,,,https://www.hyd.gov.hk/en/tender_notices/contracts/awarded/index.html
award,hyd,03/HY/2025,,SY - HC Joint Venture,,780848000.0,HKD,awarded,2026-02-26,,,https://www.hyd.gov.hk/en/tender_notices/contracts/awarded/index.html
award,cedd,ND/2025/01,,CRBC - MAYLON Joint Venture,,2266910000.0,HKD,awarded,2026-02-27,,,https://www.cedd.gov.hk/eng/tender-notices/contracts/contracts-awarded/index.html
award,hyd,11/HY/2025,,Kum Shing Construction Company Limited,,290427000.0,HKD,awarded,2026-03-10,,,https://www.hyd.gov.hk/en/tender_notices/contracts/awarded/index.html
award,cedd,GE/2025/12,,CM Geotechnics Limited,,270640000.0,HKD,awarded,2026-03-16,,,https://www.cedd.gov.hk/eng/tender-notices/contracts/contracts-awarded/index.html
tender,ha,-,Six-month Tender Schedule of Cleansing Service Contracts for Estates (April to September 2026),,,,HKD,open,,2026-03-20,2026-09-30,javascript:popup800600Scroll('/en/common/pdf/business-partnerships/tenders/BP_Tender_Notice_20_Mar_2026_01.pdf')
tender,ha,-,Six-month Tender Schedule of Security Service Contracts for Estates (April to September 2026),,,,HKD,open,,2026-03-20,2026-09-30,javascript:popup800600Scroll('/en/common/pdf/business-partnerships/tenders/BP_Tender_Notice_20_Mar_2026_02.pdf')
award,cedd,ND/2025/04,,Tysan Foundation Limited,,27500000.0,HKD,awarded,2026-03-25,,,https://www.cedd.gov.hk/eng/tender-notices/contracts/contracts-awarded/index.html
award,cedd,GE/2025/26,,Fugro Geotechnical Services Limited,,36540000.0,HKD,awarded,2026-03-25,,,https://www.cedd.gov.hk/eng/tender-notices/contracts/contracts-awarded/index.html
tender,ha,-,Tender Schedule of Building (New Works) Design and Build Contracts (July to December 2026),,,,HKD,open,,2026-03-27,2026-12-31,javascript:popup800600Scroll('/en/common/pdf/business-partnerships/tenders/BP_Tender_Notice_27_Mar_2026_01.pdf')
tender,ha,-,Six-month Tender Schedule of District Term Maintenance Contracts (April to September 2026),,,,HKD,open,,2026-03-27,2026-09-30,javascript:popup800600Scroll('/en/common/pdf/business-partnerships/tenders/BP_Tender_Notice_27_Mar_2026_05.pdf')
award,cedd,GE/2025/21,,Tysan Foundation Limited,,32030000.0,HKD,awarded,2026-03-30,,,https://www.cedd.gov.hk/eng/tender-notices/contracts/contracts-awarded/index.html
award,cedd,GE/2025/33,,Castco Testing Centre Limited,,3380000.0,HKD,awarded,2026-03-30,,,https://www.cedd.gov.hk/eng/tender-notices/contracts/contracts-awarded/index.html
award,hyd,HY/2024/07,,Geotechnics & Concrete Engineering (Hong Kong) Limited,,6781000.0,HKD,awarded,2026-04-02,,,https://www.hyd.gov.hk/en/tender_notices/contracts/awarded/index.html
award,cedd,CEDD/S/T/7/2025,,Keao Limited,,7880000.0,HKD,awarded,2026-04-08,,,https://www.cedd.gov.hk/eng/tender-notices/contracts/contracts-awarded/index.html
award,cedd,GE/2025/19,,Pan Kee Construction Limited,,193170000.0,HKD,awarded,2026-04-09,,,https://www.cedd.gov.hk/eng/tender-notices/contracts/contracts-awarded/index.html
award,cedd,GE/2025/27,,Gold Ram Engineering & Development Limited,,,HKD,awarded,2026-04-15,,,https://www.cedd.gov.hk/eng/tender-notices/contracts/contracts-awarded/index.html
award,hyd,HY/2025/14,,Xsun Engineering Limited,,28349000.0,HKD,awarded,2026-04-29,,,https://www.hyd.gov.hk/en/tender_notices/contracts/awarded/index.html
award,cedd,NL/2025/09,,Richwell Engineering - Wang Kee Civil Joint Venture,,634000000.0,HKD,awarded,2026-04-29,,,https://www.cedd.gov.hk/eng/tender-notices/contracts/contracts-awarded/index.html
award,cedd,CEDD/S/T/11/2025,,Great Safe Apparatus Limited,,1250000.0,HKD,awarded,2026-05-08,,,https://www.cedd.gov.hk/eng/tender-notices/contracts/contracts-awarded/index.html
tender,ha,-,Six-month Schedule of Contract(s) of Building Services Works for Estate Management Division (1 June 2026 to 30 November 2026),,,,HKD,open,,2026-05-08,2026-11-30,javascript:popup800600Scroll('/en/common/pdf/business-partnerships/tenders/BP_Tender_Notice_8_May_2026_02.pdf')
tender,ha,-,Six-month Schedule of Engineering Works Contracts (June to November 2026),,,,HKD,open,,2026-05-08,2026-11-30,javascript:popup800600Scroll('/en/common/pdf/business-partnerships/tenders/BP_Tender_Notice_8_May_2026_05.pdf')
award,cedd,GE/2025/25,,Bachy Soletanche Group Limited,,33980000.0,HKD,awarded,2026-05-13,,,https://www.cedd.gov.hk/eng/tender-notices/contracts/contracts-awarded/index.html
award,archsd,TCP720,,Yau Lee Construction Company Limited,,420896000.0,HKD,awarded,2026-05-15,,,https://www.archsd.gov.hk/en/tenders-notices/works/contracts-awarded-in-the-past-three-months.html
tender,ha,-,Six-month Schedule of Building (New Works) Contracts (June to November 2026),,,,HKD,open,,2026-05-15,2026-11-30,javascript:popup800600Scroll('/en/common/pdf/business-partnerships/tenders/BP_Tender_Notice_15_May_2026_01.pdf')
award,cedd,GE/2026/12,,A-City Workshop Limited,,176970000.0,HKD,awarded,2026-05-27,,,https://www.cedd.gov.hk/eng/tender-notices/contracts/contracts-awarded/index.html
award,hyd,09/HY/2025,,Carrier Construction Limited,,141630000.0,HKD,awarded,2026-06-02,,,https://www.hyd.gov.hk/en/tender_notices/contracts/awarded/index.html
award,archsd,SSN507,,Penta-Ocean Construction Co Ltd,,925772000.0,HKD,awarded,2026-06-09,,,https://www.archsd.gov.hk/en/tenders-notices/works/contracts-awarded-in-the-past-three-months.html
award,archsd,TCR973,,Cheung Hing - Hung Wan - Maylon Joint Venture,,568002100.0,HKD,awarded,2026-06-10,,,https://www.archsd.gov.hk/en/tenders-notices/works/contracts-awarded-in-the-past-three-months.html
award,hyd,HY/2025/06,,Grand View – Excel JV,,133979999.99999999,HKD,awarded,2026-06-10,,,https://www.hyd.gov.hk/en/tender_notices/contracts/awarded/index.html
award,cedd,ND/2025/03,,Gammon - Richwell Engineering Joint Venture,,,HKD,awarded,2026-06-10,,,https://www.cedd.gov.hk/eng/tender-notices/contracts/contracts-awarded/index.html
award,cedd,YL/2024/03,,Tung Lee Civil Engineering Limited,,301780000.0,HKD,awarded,2026-06-11,,,https://www.cedd.gov.hk/eng/tender-notices/contracts/contracts-awarded/index.html
award,hyd,HY/2025/12,,Mak Hang Kei (Hong Kong) Construction Limited,,19800000.0,HKD,awarded,2026-06-17,,,https://www.hyd.gov.hk/en/tender_notices/contracts/awarded/index.html
tender,ha,-,Six-month Schedule of Building Maintenance Contracts (July to December 2026),,,,HKD,open,,2026-06-18,2026-12-31,javascript:popup800600Scroll('/en/common/pdf/business-partnerships/tenders/BP_Tender_Notice_18_Jun_2026_01.pdf')
tender,ha,-,Six-month Tender Schedule of Security Service Contracts for Estates (July to December 2026),,,,HKD,open,,2026-06-18,2026-12-31,javascript:popup800600Scroll('/en/common/pdf/business-partnerships/tenders/BP_Tender_Notice_18_Jun_2026_06.pdf')
tender,ha,-,Six-month Tender Schedule of Cleansing Service Contracts for Estates (July to December 2026),,,,HKD,open,,2026-06-18,2026-12-31,javascript:popup800600Scroll('/en/common/pdf/business-partnerships/tenders/BP_Tender_Notice_18_Jun_2026_05.pdf')
award,archsd,RFP802,,Gold Banner Construction and Development Limited,,9095554.0,HKD,awarded,2026-06-24,,,https://www.archsd.gov.hk/en/tenders-notices/works/contracts-awarded-in-the-past-three-months.html
award,hyd,HY/2025/13,,Gammon Construction – Build King – Tung Lee Joint Venture,,1366490000.0,HKD,awarded,2026-06-26,,,https://www.hyd.gov.hk/en/tender_notices/contracts/awarded/index.html
award,hyd,HY/2024/02,,Wing Hing Construction Company Limited,,129939000.0,HKD,awarded,2026-06-26,,,https://www.hyd.gov.hk/en/tender_notices/contracts/awarded/index.html
award,cedd,GE/2025/29,,Vibro (H.K.) Limited,,,HKD,awarded,2026-06-26,,,https://www.cedd.gov.hk/eng/tender-notices/contracts/contracts-awarded/index.html
tender,ha,-,Schedule of Building (New Works) Design and Build Contracts (October 2026 to March 2027),,,,HKD,open,,2026-06-26,2027-03-31,javascript:popup800600Scroll('/en/common/pdf/business-partnerships/tenders/BP_Tender_Notice_26_Jun_2026_01.pdf')
tender,ha,-,Six-month Tender Schedule of Property Management Agency Service Contracts for Commercial Properties (July to December 2026),,,,HKD,open,,2026-06-26,2026-12-31,javascript:popup800600Scroll('/en/common/pdf/business-partnerships/tenders/BP_Tender_Notice_26_Jun_2026_05.pdf')
tender,ha,-,Six-month Schedule of District Term Maintenance Contracts (July to December 2026),,,,HKD,open,,2026-06-26,2026-12-31,javascript:popup800600Scroll('/en/common/pdf/business-partnerships/tenders/BP_Tender_Notice_26_Jun_2026_02.pdf')
award,cedd,ND/2024/11,,Build King â Richwell Engineering Joint Venture,,,HKD,awarded,2026-07-06,,,https://www.cedd.gov.hk/eng/tender-notices/contracts/contracts-awarded/index.html
tender,ha,-,Tender for Cleansing Service Contracts for Estates,,,,HKD,open,,2026-07-10,,javascript:popup800600Scroll('/en/common/pdf/business-partnerships/tenders/BP_Tender_Notice_10_Jul_2026_02.pdf')
award,cedd,CEDD/S/T/1/2026,,Great Safe Apparatus Limited,,1988000.0,HKD,awarded,2026-07-14,,,https://www.cedd.gov.hk/eng/tender-notices/contracts/contracts-awarded/index.html
tender,ha,-,Notice of Pre-qualification of Tenderers –Tender for Term Contracts (2027/2030) for the Supply and Installation of Refuse Handling Systems for New Housing Authority Buildings (Packages A and B),,,,HKD,open,,2026-07-17,,javascript:popup800600Scroll('/en/common/pdf/business-partnerships/tenders/BP_Tender_Notice_17_Jul_2026_01.pdf')
tender,ha,-,"Notice of Pre-qualification of Tenderers – Term Contracts for Slope Maintenance and Improvement Works (2028–2031) for Regions A, B, C and D",,,,HKD,open,,2026-07-24,,javascript:popup800600Scroll('/en/common/pdf/business-partnerships/tenders/BP_Tender_Notice_24_Jul_2026_03.pdf')
tender,ha,-,Notice of Pre-qualification of Tenderers – Civil Engineering Improvement Works at Ap Lei Chau Estate and Lung Tin Estate,,,,HKD,open,,2026-07-24,,javascript:popup800600Scroll('/en/common/pdf/business-partnerships/tenders/BP_Tender_Notice_24_Jul_2026_02.pdf')
award,cedd,CV/2025/02,,CCS Joint Venture,,1395150000.0,HKD,awarded,2026-07-29,,,https://www.cedd.gov.hk/eng/tender-notices/contracts/contracts-awarded/index.html
tender,ha,-,Tender Schedule of Building (New Works) Design and Build contract (September 2026),,,,HKD,open,,2026-07-31,2026-09-30,javascript:popup800600Scroll('/en/common/pdf/business-partnerships/tenders/BP_Tender_Notice_31_Jul_2026_01.pdf')
tender,ha,-,Tender for the Supply of Office Application Suite Software for the Hong Kong Housing Authority,,,,HKD,open,,2026-07-31,,javascript:popup800600Scroll('/en/common/pdf/business-partnerships/tenders/BP_Tender_Notice_31_Jul_2026_02.pdf')
tender,ha,HAQ20260226,Tender for the Provision of Disaster Recovery Services for Information Technology Systems for the Hong Kong Housing Authority,,,,HKD,open,,2026-07-31,,javascript:popup800600Scroll('/en/common/pdf/business-partnerships/tenders/BP_Tender_Notice_31_Jul_2026_04.pdf')
tender,ha,HAQ20260235,Tender for Provision of Counselling Services on Stress Management,,,,HKD,open,,2026-07-31,,javascript:popup800600Scroll('/en/common/pdf/business-partnerships/tenders/BP_Tender_Notice_31_Jul_2026_06.pdf')
award,cedd,NL/2026/08,,Sang Hing â Tapbo Joint Venture,,689000000.0,HKD,awarded,2026-08-07,,,https://www.cedd.gov.hk/eng/tender-notices/contracts/contracts-awarded/index.html
tender,ha,-,Six-month Schedule of Building (New Works) Contracts (September 2026 to February 2027),,,,HKD,open,,2026-08-07,2027-02-28,javascript:popup800600Scroll('/en/common/pdf/business-partnerships/tenders/BP_Tender_Notice_7_Aug_2026_01.pdf')
tender,ha,-,Six-month Schedule of Contract(s) of Building Services Works for Estate Management Division (1 September 2026 to 28 February 2027),,,,HKD,open,,2026-08-07,2027-02-28,javascript:popup800600Scroll('/en/common/pdf/business-partnerships/tenders/BP_Tender_Notice_7_Aug_2026_02.pdf')
tender,ha,-,Six-month Schedule of Engineering Works Contracts (September 2026 to February 2027),,,,HKD,open,,2026-08-14,2027-02-28,javascript:popup800600Scroll('/en/common/pdf/business-partnerships/tenders/BP_Tender_Notice_14_Aug_2026_01.pdf')
tender,ha,-,Tender for the Design and Delivery of Housing Department Advanced Leadership Training Programme (ALTP) – 3-Day Core Modules for the Hong Kong Housing Authority,,,,HKD,open,,2026-08-14,,javascript:popup800600Scroll('/en/common/pdf/business-partnerships/tenders/BP_Tender_Notice_14_Aug_2026_02.pdf')
